text,value
"मोदी  क्या आये दीदी, 
पटेल,बोस, भगत सिंह, राज गुरु, सुखदेव,
सब याद आ गए।

पहले तो नेहरू से बड़ा महान कोई नही था।
   https:// twitter.com/priyankagandhi /status/1189777932379709440   …",0
है कौन ये  मादरचोद,1
आस्था के महापर्व छठी मे जो माँ अपने बच्चों के लिये निर्जला व्रत रखती है वही बच्चा पलायन की मार झेल रहा हो । उस माँ -बेटे का ये निक्कमी  सरकार  नही समझ सकती है । @NitishKumar  @SushilModi  @narendramodi  @PMOIndia,0
वर्ष 2015 में भारत  सरकार  द्वारा 31 अक्टूबर को प्रतिवर्ष राष्ट्रीय एकता दिवस के रूप में मनाने का निर्णय लिया गया । 31 अक्टूबर ही वह दिन है जिस दिन भारत माता को लौह पुरुष सरदार पटेल जैसा हीरा मिला था ।  pic.twitter.com/GCLYgH8Vyg,0
"केजरीवाल  सरकार जो फ्री टिकट देने का ढिंढोरा पीट रही है, उसका सच जानिए, जुड़िए लाइव।  https://www. pscp.tv/w/cIrDzTFkclFl a1pvTGt3amJ8MU95S0FlQXpsYnlLYl1uaQywmU1sX1wGUtyuNXFXyZWoD1eqw9u3nByPzFQK   …",0
"कभी आपने अपने घर पर 1500-2500 रुपए में एक दीया जलाया है?

एक दीये की कीमत मुश्किल से 5रु. और बाती तेल मिला कर अधिकतम 10रु. होगी।

मान लो दीया प्रज्वलित करने आपने एक कर्मचारी 100रु. प्रति दीया भी लगाया तो कीमत 110रू. ही होतीं हैं।

यूपी  सरकार  ने एक दीया लगभग 2400रु. में लिया।",0
बीजेपी को शिवसेना की  गांड  पर लात मारने चाहिए  pic.twitter.com/QIDEJ31A7s,1
"10 साल आपने भी इसी उत्तर प्रदेश की जनता का विश्वास जीता था विकास के नाम पर और विश्वास का नतीजा ये है की न गरीबी गयी न उत्तर प्रदेश का विकास हुआ, हुआ तो सिर्फ विश्वासघात। और आप आज खुद ही अपने  सरकार  की कमियां गिना रहे है। 
@yadavakhilesh https:// twitter.com/yadavakhilesh/ status/1189834901882695685   …",0
क्यों की  गांड़  में डंडा डालने वाले कमजोर है,1
बोलो टोटी चोर क्या मिला pic.twitter.com/0MjqfNGzMj,0
"दिल्ली के पूर्वांचल, बिहार, मिथिला, मैथिली, भोजपुरी संस्थाओं से अनुरोध है कि वे दिल्ली के मुख्यमंत्री श्री अरविंद  केजरीवाल  की घोषणाओं की सच्चाई जानने के लिए सूचना का अधिकार का उपयोग कर जानकारी प्राप्त कर पूरी समीक्षा करें, फिर विश्वास करें। #8505946059,8178949704",0
रंडी  पोर्न स्टार की औलाद प्रकाश राज,1
मोदी  ने राजौरी में जवानों के साथ मनाई दिवाली  https:// hindi.udaipurkiran.com/modi-celebrate d-diwali-with-soldiers-in-rajouri-2/   … pic.twitter.com/AlNfJNENJC,0
# Bhikhari  ये @ImranKhanPTI   बहुत ही शातिर है  बहनचोद  देखा कि 1 साल में कुछ किया तो हु नही तो लगा #Kashmir  का राग अलापने ध्यान हटाने के लिए और #Pakistanis  भी वैसे ही चूतिये है समझ नहीं पा रहे #PoKHamaraHai,1
"जनसंख्या बढ़ाओ देश कब्जाओ..
एक बच्चा पैदा कर उसे डॉक्टर,इंजीनियर,आईपीएस आईएएस, उसेआर्थिक रुप से सम्पन्न बना सकते हैं  
    परन्तु..अब्दुल को तो आठ बच्चे चाहिये क्यो की सत्ता की चाबी तो वोटो में होती हैं... आप कितने मूर्ख..औऱ अब्दुल कितना होशियार .हैं। 
 सरकार  जागो..@narendramodi",0
"जो चीज टूटी है वो लिबरल की  गांड़  है बीबी
दुर्भाग्य ये है कि जुड़ेगी भी नहीं अगले 20-30 साल  https:// twitter.com/tmturkee/statu s/1187623739053068289   …",1
@ KapilMishra_IND  आपने देश और  केजरीवाल  मे से एक को नहीं | आपको नफरत और प्यार मे से एक को चुनना था आपणे नफरत को चुना | ऐसे हि आगे बढिये और जनसंख्या नियंत्रण के नाम पर लोगों मे नफरत फैलाते रहिये |,0
"तकरीबन एक साल बाद रात के 2 बजे उसका फ़ोन आया 
.
.
.
.
.
फिर क्या मेने फ़ोन उठाया और बोला ""रख  मादरचोद  सोने दे"" और काट दिया ।।",1
"राजनीतिक छक्कों और रुदालियों की परम आवश्यकता है,,जो evm पर  रंडी  रोना रो सके 
महाराष्ट्र+हरियाणा
चुनाव",1
"इनके सावरकर आंग्रेजों के सामने झुक कर मरवा लिए,  इनके बाप पाकिस्तानी बिरयानी खा के चले गए 

और इ  भोसडी़  वाला बकैती पेल रहा है",1
इस तर्क के हिसाब से  बहनचोद  का खिताब अकबर ओर मुसलमानों को जाता है ...,1
बचपन में भी  मादरचोद  थे अब महामादरचोद हो गये हो  https:// twitter.com/ashutosh83B/st atus/1189009862459412481   …,1
राजस्थान  सरकार  का एक ही उद्देश्य का साथ सबका विकास राजस्थान  सरकार  योजनाओं के लिए प्रतिबद्ध है आदरणीय जननायक एक ही उद्देश्य है ताकि योजनाओं का लाभ घर-घर ढाणी ढाणी पहुंचे कोई भी योजनाओं से अछूता ना रहे  https:// twitter.com/RajCMO/status/ 1189891430195564544   …,0
"ये झोपड़ी का खरामी ह @prakashraaj  भडवा पोर्न का ही पैदायिस ह इसको तो ये। ही नयी पता होगा की इसका बाप कोन होगा ?
दोगला  ये जब सुनता हु तब हिंदू धर्म को चोट देता ह पता नयी कितनो का खून ह इस हरामज़ादे में  
जिस दिन मिल गया  गांड  मारेगें इस भड़वे का",1
भाई वो गद्दार इसके घर सर्जीकल इस्ट्राइक कर गया ये  चूतिया  समझ नहीं सका   https:// twitter.com/nitesh684287/s tatus/1189035842657898496   …,1
"इसमें विवादित क्या है बे  मादरचोद  देखा नही कमलेश तिवारी को कैसे काट दिया अगर उनपे हथियार होता तो बचा लेते अपने आप को 
मैं तो खरीदूंगा देखता हूं कौन बहन का लंड रोकेगा मुझे",1
# भोसड़ी  के #कालू  तू क्यू नहीं चला जाता तेरे को किसने रोका ! तेरे बाप #कोंग्रेसी  तो गाये थे #अंग्रेजो  के पास अपनी #फ़रयाद  ले के #झाटू_मेन्टल_आदमी  @ashutosh83B   https:// twitter.com/ashutosh83B/st atus/1189116251378860034   …,1
"सहज सरल मृदुभाषी सक्रिय जननेता म.प्र  सरकार  में पूर्व मंत्री वरिष्ट विधायक हमारे बड़े भैया श्री @SanjayPathak3  जी को जन्मदिन की अशेष बधाईयां
आप सदा यूँ ही मुस्कुराते रहें स्वस्थ रहें,मस्त रहें,व्यस्त रहें,मैं ईश्वर से आपके सुदीर्घ और मंगलमय जीवन की कांमना करता हूँ, 
 जय श्री राम pic.twitter.com/puSI3RzdNz",0
"मोदी  जी बोले थे, नोट बन्दी से आतंकवाद समाप्त होगा, फ़िर बोले 370 समाप्त होने से आतंकवाद समाप्त होगा, लेकिन वोह जाहिल थे  ,आतंकवाद तो नेट बन्दी से समाप्त होता है -क्यों",0
"ये भड़वे वही है जो किसी शांतिदूत की पिटाई हो जाती है तो  रंडी  रोना शुरू कर देते...कमलेश तिवारी की नृशंस हत्या पर मुँह से दही जमाये बैठे है।
@ravishndtv  @sardesairajdeep  @BDUTT  @VinodDua7  @ndtv pic.twitter.com/qyTtel9udW",1
"# SardarVallabhbhaiPatel 
आज अगर  मोदी  प्रधानमंत्री है तो अमित शाह के दम पर है, पूरे भारत का शहनशाह है अमित शाह  pic.twitter.com/RNjwNkUAEK",0
केजरीवाल  को रगड़ रगड़ के मारेगा कीर्ति आजाद दरभंगिया तुम भी संतोष गुप्ता दरभंगिया है,0
"अनुच्छेद 370 खत्म होने के बाद आज अस्तिस्व में आए केंद्र शासित प्रदेश जम्मू कश्मीर और लद्दाख में विकास का मार्ग प्रशस्त होने के साथ ही अनुसूचित जाति व आदिवासी समुदाय के साथ हो रहे अन्याय का अंत हुआ है। भाजपा  सरकार  के प्रयासों से देश में एकता, अखंडता का सूर्य उग रहा है।  pic.twitter.com/1xeKnkECim",0
"अबे यह कटुए  भोसड़ी  का कहा से पैदा होते हैं
   M.c हरामखोर कटुआ",1
"अगर पीर- मजारों में दुआएँ कबूल होतीं,
तो कसम श्रीराम जी की ,,
 मोदी  जी PM और योगी जी CM कभी नहीं बनते",0
"ये  भोसड़ी  वाला 
गाली का अविष्कार किसने किया और किया तो किया सामने वाले को बताने कि क्या जरूरत थी कि मै तुमको गाली दे रहा हूँ 
ये गाली है 
तुमको बुरा मानना है  
@BAS_END",1
भाग  मादरचोद  जय चंद,1
अब #राजस्थान  के #जोधपुर  में #नाबालिग  बच्ची से #बलात्कार .. #दरिन्दे  का नाम है “सलीम”हद है  बहनचोद  #सुवरो  की #JusticeForTwinkleSharma  #बलात्कारी  #मुस्लिमो  को #फाँसी  हो pic.twitter.com/M9M79jJDDL,1
अबकी बार #evm_हटाओ_देश_बचाओ   का  रंडी  रोना नही किया विपक्ष ने ?,1
Evm का  रंडी  रोना शुरू हो गया,1
ये हैं भविष्य के  मादरचोद ।,1
लेकिन बीजेपी वाले तो कह रहे है कि ये सब काम करने के लिए फण्ड  मोदी  जी दे रहे है वो भी नेहरू जी के मना करने बावजूद ?,0
"तेरे को जो आज पटेल की याद आ रही हैं वो  मोदी  जी का जादू हैं पगली वरना कल तक तू "" दादी की नाक, दादी की नाक "" खेल रही थी ",0
"योगी  मोदी  शाह सबके सब 5,6,7, भाई बहन है और कुछ गंजेडी जनसंख्या नियंत्रण की बात कर रहे है",0
"# AarPaar  
सरदार पटेल का सपना,  मोदी  ने किया पूरा. क्या ये कहना उचित है?
@AMISHDEVGAN pic.twitter.com/E9sRNKXxNt",0
@ manoj मुफ्त यात्रा अच्छे स्कूल अस्पताल मिनिमम मजदूरी ये सब  केजरीवाल  के सिर्फ चुनावी स्टंट। Hahahaha रिंकिया के पापा तुम भी ऐसा कर दिखाओ है हिम्मत?,0
"जो  मादरचोद  बिस्कुट और टाफी के लालच में अपने पङोसी को अब्बा कह सकते हैं वही हर जगह अपनी स्वार्थसिद्धि के चक्कर में लगे रहते हैं ।

#जय_सिया_राम",1
"तुम ही तो बोल रहे हो उत्तर पूर्वी दिशाओं से हवा आता है पर इधर तो  केजरीवाल  चारो दिशाओं को टारगेट कर रहा है

तो क्या पूरे भारत का धुवा प्रदुषण दिल्ली में आकर रुकता है क्या बाकी जगह नहीं जाता?

ये सब केवल नौटंकी है सारी गंदगी दिल्ली में ही है, इसी कारण दिल्ली आज गैस चैंबर बना हुआ है  pic.twitter.com/BYP2TcmaSC",0
तुम भी लगता है मादर चोद अभी सिह लिख रहे हो लेकिन तनिक देर मे तू  बहनचोद  तु दलित निकलेगा।,1
अरे मूर्ख भाई तेरे बाप का क्या जा रा है। मोदी  को देखो कितने का कपड़ा पहनता है अब जनता का पैसा h,0
दिल्ली  सरकार  का बसों में मार्शल तैनाती का दूसरा दिन   ...क्या एेसे होगी सोती हुई महिला सुरक्षाकर्मियों द्वारा सुरक्षा   मार्शल  अन्नू.   DL-1PD0047  Route no 764 time 11-20am dated 31/10/19  pic.twitter.com/LLJOWyLaRg,0
सुन  मोदी  तुने सामाजिक न्याय के पुरोधा लालु यादव @laluprasadrjd  को फँसाकर सही नहीं किया pic.twitter.com/CBQyuWLv1w,0
"निजी कंपनियों के सामने
नाक रगड़ती भारत  सरकार 
और  सरकार  से ही कर्ज़ लेकर
भारत को खरीदती निजी कंपनीयां,
ये है भारत का वर्तमान। बहुत ही खतरनाक 
व्हाट्सएप कांड से साफ हो गया है कि ये भांड देश बेच रहा है।
देश सुरक्षित हाथो में नही है",0
आपकी तरह सब  चूतिया  नही है,1
@ ravishndtv   बहुत परले दर्जे का  चूतिया  हे रे तूँ।  दलाल मीडिया @ndtv    #Presstitutes   media house.  सारी झूठी खबरें ओर narratives यही से धरातल पर आते हे। जनता जुतियाती भी हे सोचा याद दिला दूँ @sardesairajdeep  भी क़ायदे से पिटे थे अमरीका में भक्तों से।  क्यूँ @Nationalist_Om   जी,1
किल्लिंग humanity में शक है पर तेरी गान्ड पक्की मारी जायेगी  भोसडी  के  https:// twitter.com/free_thinker/s tatus/1186361899601948673   …,1
"सुशील  मोदी , बिहार में नितीश कुमार का पिछलगू बनकर काम कर रहे है...बिहार में खुद का बीजेपी सरकार बनाओ

नितीश कुमार को बिहार के CM के रूप में बहुत समय दिया गया
अब नया बिहार के लिए नया, आक्रामक गिरिराज सिंह चाहिए",0
महबूबा  सरकार  जाने के बाद कश्मीर से पत्थरबाजों की प्रजाति अचानक कैसे विलुप्त हुई इसका अध्ययन करने युरोपीय सासंद कश्मीर पहुचे ।,0
तेरे अल्लाह के गण्ड में लन्ड  भोसड़ी  मुल्ला तेरी अम्मी हिन्दू के लन्ड देख ईद मनाता है,1
"मोदी  सरकार का 2024 तक 100 नए एयरपोर्ट बनाने का प्लान
-हर साल 600 पायलटों को प्रशिक्षित कर दिया जाएगा रोजगार
-छोटे शहरों और गांवों को जोड़ने के लिए 1000 नए हवाई रास्ते शुरू किए जाएंगे
भाजपा सरकार देश के कोने कोने में पहुंचा रही है हवाई यात्रा की सुविधा
#rajeevthakur pic.twitter.com/3qlHQiXEj9",0
कि रवीश कुमार जैसे वामपंथी दीमक और फर्जी उदारवादी और सेकुलर लोग इनके कार्यकर्ताओं की हत्याओं पर इनके पक्ष में बोलेंगे यह प्रश्न भी उदार वादियों से करते हैं  सरकार  हमने इनकी चुनि है और यह चाहते हैं कि हम लोग भी इनकी तरह उदार वादियों से प्रश्न करें,0
ओ हीरो ज्यादा ज्ञान मत दे अपने काम से काम रख और आईन्दा  गाँड  उठाके मत आया करो अपना संभाल,1
"हहहह्ह 

फिर बाद में  रंडी  रोना रोयेगा",1
"# Chhath2019  दिल्ली में रहनेवाले पूर्वांचल वाशियों को गाली देनेवाला दिल्ली का बेशर्म मूर्खमंत्री  केजरीवाल ,
ईद पे मुसलमानों को करता है मालामाल और छठ पे पूर्वांचल वाशियों को करता है घायल I",0
"लवड़िया, ज्यादा बकचोदी न कर, इसी पे बिठा कर तेरे को उड़ा देंगे  बहनचोद ।",1
प्रधानमंत्री नरेंद्र  मोदी  के भाषण के दौरान हिरासत में लिए गए कई आदिवासी  https://www. bbc.com/hindi/india-50 247839   …,0
"जैसे तेरे धर्म मे बाबाओ को पेश की जाती है तेरी बहने और माँ
वैसे ही क्या अब  भोसड़ी  के पहले अपने धर्म का इतिहास तो ठीक कर ले बाद हमे हिन्दू बोल साले शंकर चरसी और बलात्कारी कृष्णा को मैं भगवान नही मानता और अपने धर्म के ग्रंथ पड़ ले जिनको 500 साल पहले लिखा गया है",1
"भैया जरा दिल्ली मेट्रो की बात करलो, इतना ज्यादा किराया है तो  केजरीवाल  को कुछ सब्सिडी उधर भी दे देनी चाहिए",0
भगवान कसम एकदम  चूतिया  हो भोसदिवाले।,1
"सब  सरकार  करे, तुम कुछ न करना",0
ग़द्दारों को रोटी मिल रही है भारत में ... उनके लिए यही बहुत है .. बाक़ी  रंडि  रोना तो पाकिस्तान लेने के बाद भी बंद नहीं हुआ..अब पूरा देश चाहिए उन्हें ..,1
मोदी हो या  केजरीवाल  दोनों संघपुत्र हैं। दोनों की राजनीति सिर्फ लफ्फाजी तक सीमित है।,0
"कुछ नही किया तभी तो  केजरीवाल  जाएगा। तिवारी जी विकल्प है ये सोच कर ही जनता कजरी को निपटायेगा।
@only  manoj tiwari",0
चचा गुरु आदमी हो तुम...तुमने जो बैंक वालो के साथ किया वो  मादरचोद  इसी लायक है..Keep it up चचा  https:// twitter.com/TheVijayMallya /status/1188187114770501635   …,1
"# CPCforBankers  #abolish_iba   मोदी  जी आप हर जगह ये जरूर गाते है कि हमने इत्ते करोड़ जनधन खाते खोल दिया,इत्ता मुद्रा लोन दे दिया ,इत्ता सब्सिडी खातों को लिंक कर दिया , आपके योजनाओं को समय पर पूरा करनेवाले बैंकर की सैलरी की बात आते ही ऐसी चुप्पी क्यों, @PMOIndia  @narendramodi  @ndtv",0
उसका बदला इंदिरा जी के हत्या करके लिया गया। फिर 84 दंगा हुआ को आज़ाद भारत का सबसे भयानक दंगा था जिसमें हजारों बेकसूर सीख मारे गए और मारने वाले सब कांग्रेसी थे ।  सरकार  दंगा कर्मियों को सुरक्षा और साधन प्रदान कर रही थी । सीखो के घर के पते तक  सरकार  ने ही दंगा कर्मियों को दिए 2/2,0
और पटाखे जलाओ पड़ोसी राज्यों में जल रही पराली के खिलाफ कुछ मत बोलो और ठीकरा  केजरीवाल  सरकार के सिर पर फोड़ दो इसी बात के तो पैसे मिलते हैं।  https:// twitter.com/nishantchat/st atus/1189478125920346112   …,0
संघी सुअर सब का लालू के नाम सुनकर  गांड  फट जाती है। मोदी तो पेंट में पेशाब कर देता है लालू के नाम सुनके।,1
यही तो  केजरीवाल  सरकार की खूबसूरती है जनाब,0
भाग  भोसडी  के कही तेरे गाड़ में ना घुस जाए ,1
"खुदवा ली नहीं ये सारे जनता का  चुतिया  काटते हैं, ये देख

 https:// twitter.com/Brahmchaari/st atus/1188052712954499073?s=20   …",1
यही है भारत की हकीकत जो भी  सरकार  की नीतियों पे सवाल उठाए वो नज़र बंद,0
"र  रंडी़  बनना था तने तो दुष्यंत चौटाला  GB Road प चला जादां ,,,
नू अमित शाह के तलवे चाटण की क जरूरत थी साले ||

#dushyantchautala 
#jjp 
#jjpbjp",1
"केजरीवाल  की गन्दी राजनीति है 
यूपी बिहार की जनता को छठ पूजा का रोक लगाया फिर बोलेगा पूजा करो नौटंकी वाज है ये",0
"कतई  चूतिया  हो क्या,,पटाखे से पैसे और वातावरण दोनों खराब होता है",1
का हो मनोज भईया ई का हव तमाशा समझत हउवा की जनता  चुतिया  हव का अरे बस करा बहुत हो गयल ,1
"# स्वागत_योग्य_कदम 
#मोदी_ सरकार  देशवासियो से पास रखे सोने का हिसाब लेने वाली है।
क्या मंदिर-मस्जिद-गुरुद्वारो-चर्चो से भी लेगी क्या?",0
"@ FatherOfAbusers   तुम्हारी अम्मी बहन 20 लाख लोगों से चल चुकी है...   
ओरिजनल नाम नही है साले का ना पहचान हिजड़ो की तरह फेक id बनाकर अपनी अम्मी बहन के लिए ग्राहक ढूंढता है ये  चुतिया  आदमी,।।
पता ही नही तुझे तेरा बाप तो कहां से खुद के नाम से रखेगा कुछ।  
फ़टे निरोध की पैदाईश",1
शुक्र है कि..... वाशबैसिन पर पैर ही धो रहा है..... इसका बस चले तो  गांड  भी धोने लगेगा।,1
"तुझे पता नही हॆ तेरी माँ एक मोलवी से  गाँड  मरवाके आयी थी तब तु पेदा हुअा,साले हलाला की पेदाइश",1
"""एक अंतरराष्ट्रीय दलाल के जरिए  मोदी  सरकार ने भारत की विदेश कूटनीति का एक तमाशा बनाया""  pic.twitter.com/vDOTcwDZtV",0
हाँ तो मर ले धरती के बोझ .... @sardanarohit  and @SureshChavhanke  इनको बददुआ देकर मरियो... इन्होंने बहुत उकसाया है अंध गोबर पैठे  चूतिया  भक्तों को की वो खूब पटाखे छोड़कर प्रदूषण करे और तुझ जैसो की लंका लगाएं... आखिर दलाली में कम्पटीशन भी कम करना है.. प्रदूषण जाए भाड़ में!,1
भोसड़ी  के शक्ल सुवर की तरह है तो बात भी वैसे ही करेगा  pic.twitter.com/24x5pOFzvZ,1
"बहनचोद  आजकल ""couples"" एक दिन में इतनी बार ""i love you"" बोलते है |
उतनी बार तो एक हवन में पंडित भी स्वाहा नहीं बोलता है  
#chutiyape",1
"मोदी  सरकार  देश के हर कोने में पहुंचा रही है हवाई सेवाएं
@PMOIndia pic.twitter.com/qXR4enEGGG",0
"तेरी तो फट रही है अरविंद  केजरीवाल  से,,",0
टोंटी ने 5सालों तक अपनी खालाओं से सफाई में ठुमके लगवाए https:// twitter.com/archanatriv/st atus/1189859004584906753   …,0
"जैसा बीजेपी चुनाव से पहले सर्जिकल स्ट्राइक/बॉर्डर पर गोलीबारी/आतंकवादी हमला/हिन्दू/मुस्लिम/मंदिर/मस्जिद मोदी & शाह को जान का खतरा etc करती है
सब जानते है  केजरीवाल  ने तुम लोगों से बहुत अच्छा काम किया
तुम्हारी तमाम नाकाम कोशिशों के बाद भी की  केजरीवाल  कुछ ना कर पाए फिर भी कर दिखाया",0
गांड़  मरा ना भोश्रीके,1
यशस्वी प्रधानमंत्री नरेन्द्र  मोदी  जी का जम्मू कश्मीर से अनुच्छेद 370 और 35A हटाने के लिए कोटि कोटि आभार    pic.twitter.com/rMkU6cdsFH,0
हलाला की पैदाइश.... लगता है तेरी मा लालु के साथ हीं सोई थी....बगदादी जैसे हीं सारे टपका दिये जायेगें.... जा जरा उसके नाम पर चुडी तोड... रंडी  रोना कर ..तुमलोगो का भतार मारा गया.  ..  https:// twitter.com/khanumarfa/sta tus/1188402300307378177   …,1
"Breaking news 

#केजरीवाल  की फ़्री बस यात्रा के दौरान #मनोज_तिवारी  को “बुरका” पहने देखा गया! ",0
"""बहुत ही ताज़्जुब की बात है एक तरफ़ जहाँ लगभग पिछले 14 साल से शुशील  मोदी  जी बिहार के उपमुख्यमंत्री हैं, पर आज भी वो लालू जी और राबड़ी जी को कोशते नहीं थकते, आख़िर जब आज भी बिहार की जनता उस समय में ही जिये तो फ़िर इस सरकार की क्या ज़रूरत

#BesharmSushilModi",0
गुरु जी @SureshChavhanke  आपकी भी  गांड  फटने लगी हैं क्या जो Z+ सुरक्षा की मांग कर रहे हैं ??,1
"ये एकता और अखंडता की प्रतिज्ञा दिलाने वाले की  सरकार  के कारनामे। 
 https://www. bbc.com/hindi/india-50 247839   …",0
सबके हिसाब से सब ठीक है लेकिन तुम्हारे हिसाब से तो तुम्हारी  गान्ड  का छेद भी ठीक नहीं है तुम्हारा मर्द होना ठीक नहीं है हमारे हिसाब से तुम एक बाप की औलाद हो वो भी हमको ठीक नहीं लगता हा लेकिन तुम एक गद्दार हो जो हमेशा देशद्रोही आतंकवादियों को बचाने का प्रयत्न करता है ये ठीक है,1
एक दूसरे के धर्म को नीचा दिखाने में इतना डूब चुके हैं ट्विटर के  मादरचोद  की वोह इंसान हैं सबसे पहले वोह तक भूल चुके हैं।,1
"फिर एक बार रघुवर  सरकार ,
#AbkiBaar65Paar  
@dasraghubar  @BJP4Jharkhand  @idharampalsingh pic.twitter.com/axla1Vdolm",0
"ही : नाइस बूब्स 
शी : तू भी लगवा ले  भोसडी  के  

#बहुत_हार्ड",1
"देखो अंधभक्तों की  गांड़  में मिर्ची लगी है कि

अंधभक्तों का कहना है कि टकले भोगी, फेंकू गोभी, भानड़वाडी , सुअरगड़ीया, और झांट उखाड़रे,, 
ये सब के सब अपने घरों में इकलौते हैं ??

वो तो नेहरू जी ने इन्हें बदनाम करने के लिए  इनके घर थोड़ा सा प्रसाद ,, थोड़ा सा दे कर चले गए ??",1
रात जीन्ना का सौतेला नेहरुमुल्ला सपने में आया और पूछा cong कैसी है?मैने  गान्ड  में लाल मिर्च और पुंगी डालकर भिखारिस्ताँ भगाया हैं 100cr हिन्दुओ ने  https:// twitter.com/sagarika_India /status/1189805174732181504   …,1
"देश आजाद होते ही अगर नेहरू जी 2 बच्चों का कानून बना देते,
तो  मोदी  जी का जन्म ही नहीं होता ,और ना कांग्रेस की लंका लगती  
.
.
वाक़ई मे सब गलती नेहरू जी की ही है , अब भुगतो 
",0
निश्चित रूप से  केजरीवाल  जी ने सराहनीय कार्य किया है।,0
कांग्रेसी व विपक्ष दिनरात चीखता है  सरकार  के कामकाज से इन्हें जरा भी प्रसन्नता नही ..आखिर जनता ने अपनी पसंद की  सरकार  चुनी ..तो विपक्ष को क्या परेशानी .. सरकार  कौन चलाऐगा ..किसकी मर्जी चलेगी ...।,0
"क्यों  केजरीवाल  का नाम लेना भूल गए क्या ? उन्ही की फ्री सेवा पर ये वार्त्तालाप शुरू हुआ है!  केजरीवाल  ने जंहा से राजनीती शुरू की,जिन मुद्दों पर शुरू की, जिनके ख़िलाफ़ शुरू की, वो सब खंगाल लो पहले फ़िर आप बात बोलना।",0
"देखो तू आ तो गया अपने #आतंकवादी  भाई कि #मौत  पर #आंसू  बहाने #भोसड़ी  के #आतंकी_कनोजिया  भड़वा चादर्मोद 
#भेंचो https:// twitter.com/PJkanojia/stat us/1188742673227644928   …",1
"@ ArvindKejriwal  
 अब पूजन खतम हुआ हे, अब इतने पटाखे छोड़ुगां की ओज़ोन लेयर की  गांड  भी फट जायेगी  https:// twitter.com/KapilMishra_IN D/status/1188486621508685825   …",1
"मोदी  को इतिहास से छेड़ छाड़ करने में तनिक भी हिचक नहीं होता है बल्की झुठ भी गढ़ने में माहिर है। हकिकत तो यह है कि सरदार पटेल कश्मीर को विशेष दर्जा दिए जाने की प्रक्रिया के हिस्सा थे बल्कि संविधान के अनुच्छेद ३७० को तैयार किये जाने में शामिल थे। 

       ",0
केवड़िया से पीएम  मोदी  LIVE  https:// twitter.com/i/broadcasts/1 MYxNPYvrnPGw   …,0
भाई ये राजपूत नही साल जयचंद है  बहनचोद,1
देसी इंडियन भाभी की बड़ी चुत  गांड  और चूची की mms  http:// xv.musz.info/%e0%a4%a6%e0%a 5%87%e0%a4%b8%e0%a5%80-%e0%a4%87%e0%a4%82%e0%a4%a1%e0%a4%bf%e0%a4%af%e0%a4%a8-%e0%a4%ad%e0%a4%be%e0%a4%ad%e0%a5%80-%e0%a4%95%e0%a5%80-%e0%a4%ac%e0%a5%9c%e0%a5%80-%e0%a4%9a%e0%a5%81/   …,1
"मोदी  युग में बंदे को कम से कम चौकीदारी की नौकरी तो मिली, वरना @INCIndia  के राज में तो बेचारे को केवल #लॉलीपॉप  हि मिलता रहा..!",0
"बेटा तूम्हे यंही सूट करता है , हिन्दू मुशलिम ही करना , जब तेरी फैमिली में किसी को 30 साल की उम्र में गले का कैन्सर हो गया तब पता चलेगा , पटाखे क्या होते है दिल्ली के लिए ।  चुतिया  कंही का ।",1
बहनचोद  कर दो ना। रोका किसने है? नंगा नाहेगा क्या और निचोड़ेगा क्या ,1
भक्तों के पापा भीक माँगने मुसलमानो के पास ही जाएँगे। यहाँ हिंदू मुस्लिम करके भक्तों को  चुतिया  बनाता है और वहा चाई बना के।,1
"# RunForUnity  अच्छी पहल है पर फिजूलखर्ची रोकने की तरफ भी कदम बढ़ाने होंगे  सरकार  को!
निम्न स्तर की सुविधाओं के सहारे क्या खिलाड़ियों का भविष्य बनाया जा सकता है?
खेल महाकुंभ मे मात्र ₹500/ट्रैकसूट(अधिकतम) देना भद्दा मजाक है युवा खिलाड़ियों से?
@mlkhattar  @Dchautala  @DeependerSHooda https:// twitter.com/mlkhattar/stat us/1189865396775477254   …",0
"मोदी  हैं तो कुछ मुमकिन है ?
कांग्रेस के समय में तब अकेले देश की बात होती  थी, 
लेकिन अब सत्ता और हिन्दू दोनों ही खतरे में है  https:// twitter.com/rohini_sgh/sta tus/1189836111444496384   …",0
"राज्यसभा का टिकट न मिलने का दर्द हम समझ सकते है, और आज भी AAP कार्यकर्ता अरविंद  केजरीवाल  को गुप्ता बंधुओ को राज्यसभा भेजने से नाराज़ है, और अपने अपने स्तर पर इसका विरोध भी किया है और आज तक करते है
लेकिन आप कवि है, और इस तरह की भाषा का प्रयोग करना एक कवि होने  के नाते अशोभनीय है",0
पुनः 5 साल  केजरीवाल,0
मोदी  जी की ये पुरानी आदत है छुपके छुपके सून्ना और पीछा करना।,0
"देश की भूतपुर्व प्रधानमंत्री को श्रधाजंली देने से बर्तमान प्रधानमंत्री को आती है शर्म?
 मोदी  की आचरन से भारत शर्मसार??  pic.twitter.com/C15dFJElYC",0
"सच कहा आपने  केजरीवाल  को बड़े-बड़े मूर्तियां बनाना चाहिए था बगीचा खोलने चाहिए थे मोदी मायावती जैसा काम करना चाहिए था जनता के लिए काम करना बेवकूफी है सच्चा नेता वो है जो लोगों को आश्वासन देता रहे 
पेट मारने वाली नेता अच्छे होते हैं
 ना खाऊंगा ना खाने दूंगा 
ना करूंगा ना करने दूंगा  https:// twitter.com/BebakAawaj/sta tus/1189545249980346368   …",0
ये भड़ुवे वही है जो किसी शांतिदूत की पिटाई हो जाती है तो  रंडी  रोना शुरू कर देते...कमलेश तिवारी की नृशंस हत्या पर मुँह से दही जमाये बैठे है।  pic.twitter.com/1O8P8FAfd2,1
"रंडी  तु एक काम कर, अपने ऊपर ३.५ लीटर केरोसिन डाल लो और किसी भले इंसान को कहो कि वो एक जलती हुई तीली तुम पर डाल दे.",1
"मूल्यवान दोस्त के साथ संबंधों को मजबूत करने के उद्देश्य से महत्वपूर्ण यात्रा की शुरुआत: सऊदी अरब की यात्रा पर प्रधानमंत्री  मोदी 
 https://www. indiatoday.in/india/story/pm -modi-arrives-saudi-arabia-for-2-day-visit-1613546-2019-10-29   …  via NaMo App pic.twitter.com/cLqytwezgc",0
"@जब तक यह हिन्दू मूसलम करेंगे , देश की बात ना कर फिजूल का पाकिस्तान कभी श्री लंका करेगा , देश की समस्या नही बताएंगे वो कोई भी हो उन्हें मिलेगी गाली
@sardanarohit   तेरी  गाँड़  में सरिया तोडूं साले रंडवे",1
विधानसभा चुनावों के नतीजों के बाद पीएम  मोदी  ने किया कार्यकर्ताओं को संबो...  https:// youtu.be/ZbwPNW895eo    via @YouTube,0
वो खड़े खड़े मार कैसे खा रहा इतना डर  बहनचोद  को मार के साले की चमड़ी छिल लेनी थी कुत्ते की,1
जैसे  मोदी  सफल है क्योंकि वो दोगले हैं जबकि राहुल नहीं क्योंकि वो साफ छवि के ईमानदार नेता हैं।,0
"इस डाटा टाइमलाइन को सेव कर लीजिये 

पहली खबर: आज से कुछ दिन पहले खबर आती है कि इसराइल स्पाई  वेयर के द्वारा व्हाट्सएप पर जासूसी की जा रही है व्हाट्सएप और   सरकार  दोनों इस बात से इंकार कर देती है लेकिन व्हाट्सएप ने आज...  https://www. facebook.com/n.s.raut/posts /10214711056397982   …",0
"मोदी  जी
जो आप के सांसदों ने गांव गोद में लिया था उसका हाल क्या है?

100 नहीं 2 4 स्मार्ट सिटी दिखा दो?

कितना काला धन आया वही बता दो?

भ्रष्टाचार पर कितना लगाम लगा वही बता दो?

किसानों की आय ही बता दो?

रोजगार के आंकड़े ही बता दो?

महिला सुरक्षा के आंकड़े बता दो?

कुछ तो बताओ ",0
केजरीवाल  की जगह अगर मोदी जी ने महिलाओं के लिए बस यात्रा फ्री करी होती तो यकीन मानो ये न्यूज चैनल वाले बसों मे घूम घूम के प्रचार कर रहे होते ,0
"उर्दू को अपनी  गांड  में घुसा,, तू हो जा यंहा से दफा,,,",1
"कोनसी लगी लाल के हरि ।।मिर्ची 
सालो तुम करो तो कर्म ओर हम करे तो कुकर्म  बहनचोद ।।।
तुम्हारे घर मे मा बहन नही है क्या।।ओर न्यूज़ वालो को थोड़ा पेसा खिलाओ सब बंद हो जाएगा ।।।
कुत्ता साला । न्यूज़ वाले तो तुम्हारी जेब मे बैठे हैं",1
गांड  होता he यू बुद्धहु मेक्स,1
टिकिट के लिए कपिल मिश्रा  गांड  तक मरवा लेगा,1
तेरे को तो  भोसड़ी  के सभी मुसलमान बेगुनाह लगते हैं जिस दिन तेरे घर के अंदर घुस कर तेरी बीवी बच्चों को मारेंगे ना उस दिन  तुझे समझ में आएगा चुतिए ...,1
"मोदी  जी ने इतना विकास किया है की अब देश की जनता (अर्थात हम-आप) आराम से बुलेट ट्रेन में लेटकर सफर कर रही है, जुमलेबाजों की सरकार जुमलेबाजी से बाहर निकलर अब देश की गरीब जनता के बारे में भी सोचना शुरू करे, जनता ने वोट विकास के लिए दिया था विनाश के लिए नही दिया था।  जय हिन्द",0
चिकना नही  चूतिया,1
सोनिया गांधी बोलीं- RTI बिल को कमजोर कर रही है  मोदी  सरकार  http:// dlvr.it/RHKxCG   pic.twitter.com/4o7H2b4hw8,0
तू एक  रंडी  की तरह बातें कर रही है। इस पेशे में तू अच्छा फल फूल रही है।,1
विपक्ष को खुश होना चाहिए कि वह जो नहीं कर सकी.चलो  मोदी  सरकार ने कर दिखाया.पूर्व प्रधानमंत्री श्री पी वि नरसिम्हा राव ने अटल जी से कहा था कि वह परमाणु परिक्षण नहीं कर सके हैं.आप यानी अटल जी यह काम जरुर करें.यह होती है देश हित की राजनीति.,0
"मुल्ले मुल्लो को नही हिन्दु को मारते हे...  

तु तो मौलाना हे... 

तु क्यु डर रहा हे मुल्ले... 
#पैगंबर_बलात्कारी_है  #पै_GAY_म्बर  #पैगम्बर_ मादरचोद _हे  #पैगंबर_आतंकी_है 

#पैगम्बर_की_माँ_का_भौसडा    मे इसकी कडी निंदा करता हु... https:// twitter.com/AcharyaPramodk /status/1185757433622196224   …",1
केजरीवाल  के पदचिन्हों पर चल रहो हो। औरंगजेब उत्तर प्रदेश नहीं है।कार सेवकों के हत्यारे को लोग चुनेंगे।वहां हिन्दुत्व है। जेहादी मानसिकता के लोग बहुत कम है।,0
पड़ ले मुल्ली और तू कही से भी 1 बाप की औलाद नहीं लगती और तेरे जैसी  रंडी  ही हमारे समाज पे कलंक है ।  pic.twitter.com/DfO6MPuw4C,1
मादरचोद तेरी औकात क्या है रे भिखारी जो इंडिया के बारे में गलत बोला बेटी चोद दो कौड़ी की औकात है तेरी और बात करता है अमीरो वाली और सुन रे  बहनचोद  फैल वही होते हैं जो कोशिस करते है तुझे तो फैल होने का भी नसीब नही है मुल्ला मादरचोद रंडी के कीड़े,1
"तेरी  गांड़  मारी उसका पैसा था
मादरजात",1
"यह  मादरचोद  सिता पर गलत टिप्पणी कर रहा हैं।

इसे कोई बताए की इस्लाम में लोग अपनी हवस मिटाने के लिए बेटी को नहीं छोड़ता हैं 
साथ बकरी,मुर्गी,कुत्ती,गधी किसी को नहीं छोड़ते 
और बोलते इस्लाम को मजबूत बना रहे हैं।

यह लोग कभी भी आतंकवाद, बलात्कार, हत्या का विरोध क्यो नहीं करते....?",1
"मेरा जूता लाव रे कोई इस साले @KapilMishra_IND  के  गांड  में खुजली हो रहा है
#boycottbrahaman 
#IStandWithKapilMishra pic.twitter.com/WFKEgivzyp",1
"दिल्ली में तो  केजरीवाल 
दिल्ली में महिलाओं के लिए बस का सफ़र मुफ़्त करने वाले @ArvindKejriwal  जी ने खुद डीटीसी बस में सफर किया।

#दिल्ली_कि_मलिक_जनता 

फिर क्या हुआ? वो आप खुद देखिए pic.twitter.com/M4cySXFvfA",0
"रोजाना एक रुपये से भी कम में  मोदी  सरकार दे रही है दो लाख का इंश्योरेंस, फटाफट उठाएं लाभ  https:// bachatkar.com/%e0%a4%b0%e0%a 5%8b%e0%a4%9c%e0%a4%be%e0%a4%a8%e0%a4%be-%e0%a4%8f%e0%a4%95-%e0%a4%b0%e0%a5%81%e0%a4%aa%e0%a4%af%e0%a5%87-%e0%a4%b8%e0%a5%87-%e0%a4%ad%e0%a5%80-%e0%a4%95%e0%a4%ae-%e0%a4%ae%e0%a5%87/   … pic.twitter.com/viRGsehhL6",0
"तेरी अम्मा फातिमा की चूट साले 
तेरी ऐशा बीबी की  गांड़  में मेरा लन्ड",1
"# वादा  पूरा करो  सरकार 
1 नवम्बर 2019 को संविलियन कर समस्त संविलियन से वंचितों को संविलियन का सौगात देवे विनम्र निवेदन।
जय संविलियन
#संविलियनकरोसरकार",0
केजरीवाल  जी फेकू नहीं है जो कहते है वो करते है। ये बात अंध भक्त नहीं समझ पाएंगे।,0
"जब सरदार वल्लभ भाई पटेल 500 से ज्यादा रियासतों के एकीकरण के भगीरथ कार्य के लिए निकले थे, तो यही वो चुंबकीय शक्ति थी, जिसमें ज्यादातर राजे-रजवाड़े खिंचे चले आए थे।
सरदार पटेल जब एकता का मंत्र लेकर निकले, तो सभी उसकी छत्रछाया में खड़े हो गए: पीएम श्री नरेन्द्र  मोदी  #RunForUnity pic.twitter.com/42rFBfqAHx",0
"ओए  मादरचोद ,
अपने घर का पता बता साले हलाला की औलाद।
घर में घुसकर कर तेरी अम्मी का हलाला करूंगा
चल पता दे अपना",1
अगर  मोदी  सरकार ने यह लागू नहीं किया तो आप  क्या करेंगे?,0
"# गाँधी_संकल्प_पदयात्रा_राजसमन्द ।
यशस्वी प्रधानमंत्री नरेंद्र जी  मोदी  के आव्हान पर देश भर में आयोजित सांसद ""गाँधी संकल्प पदयात्रा "" का स्थानीय एवं वार्डवासियों द्वारा स्वागत अभिनंदन।  pic.twitter.com/it0HIkIYhp",0
देश मेँ मंदी नही होती गर तुम जैसी  रंडी  नही होती !,1
"सरकार  कह रही है ऐसा कुछ हुआ ही नहीं,q सब नियंत्रित है..
 अब कभी चोर ने कहा है, मैंने चोरी की...",0
"कान फाड़कर सुन लो

 मोदी  अकेला नहीं है...

उसके पीछे अनपढ़, गधे, जाहिल, तलवे चाटने वाले चमचे और आंतकी गद्दारों का पूरा मेला है।",0
"Bsdk तू महा  चूतिया  है,,,भक्त माधरचोद तेरे बाप का था क्या बे,,अपनी माँ मत चुदा,,गरीबो का था bc तू अँधा ही बना रह माधरचोद,,,",1
ओए  बहनचोद  ये आखिर है क्या ?,1
"गंदाधुंध मे २७ से ३५ % पुराली की भागीदारी हरियाणा_पंजाब से तो बाकी ६५% मे  केजरीवाल  की भागीदारी बनती है !

 केजरीवाल  जी बताओ आपने 5 सालो मे क्या किया ?

NKSRana  pic.twitter.com/MJ29s6Jfp6",0
"लगता हे तेरी अम्मी ने जरूर किसी मुल्ले से 786 बार हलाला कराया होगा। 

क्यो बे  रन्डी  के।",1
"बहुत हुई #महंगाई  की मार अबकी बार मोदी  सरकार 
 
ये नारा बहुत ही #मस्त  था 
",0
अरविंद  केजरीवाल  की जगह अगर बसों का किराया नरेंद्र मोदी ने फ्री किया होता तो न्यूज़ चैनल वाले 6 महीने तक बस में ही बैठे रहते,0
"यह क्या 2014 के बाद हुआ है, बँगाल में अपनी दीदी को बोलो। जरा जोर से आवाज उठाओ, आन्दोलन करो। मोदी  करे सब काम, हम तो अपनी जात वालो को ही वोट करेंगे।पंद्रह वर्षो तक  मोदी  को प्रधानमंत्री बनाओ, यह सारे प्रश्न हल हो जायेंगे",0
"मिडिया के दल्ले भी खुन से लाल हुआ कश्मीर
ब्रेकिंग न्यूज नहीं बनाया यही किसी विपक्ष का राज्य होता जहां भाजपा की  सरकार  की हद नहीं होती
तब मिडिया और दल्ले एंकर का तांडव देखते  https:// twitter.com/BhootSantosh/s tatus/1189414550145101824   …",0
अरे  बहनचोद  इनसे बात कौन करना चाहता है,1
"देखा गुरु पटाखा जमकर फोड़ा
एक दिन में कोई प्रदूषण न होई और जे भाषण पेले उसके  गांड  के नीचे रखकर फोड़ा..BC

और360दिन है ना साल के प्रदूषण रोक लेंगे.BC

नये साल वाले दिन तो पूरे विश्व में पटाखा बजेला
तब इनसे प्रदूषण नही दिखता कुछ नही बस हमारी त्यौहार से प्रॉब्लम है इनको.BC

बनारस...",1
इस मादरचोद ओवैसी भड़वे से पूछो कि मोदी जी ने जितना भी स्कीम इस भारत देश में चलाया है क्या ये  बहनचोद  दौगले मुसलमानों ने उस स्कीम का फायदा नहीं उठाया है? साले रंडी के जने जिस माँ के कोख से जन्म लेता है उसी माँ का बिस्तर भी गर्म करने से बाज नहीं आता है।,1
"यादव मरा तो यादव था,
दलित मरा तो दलित था,
लेकिन तिवारी मरा तो हिन्दू था,
चूतिया समझा है का  भोसड़ी  के ?",1
"रंडी  tv और इसके फॉलोवर देश द्रोही रंडो को,यूरोपीय सांसदों के कश्मीर जा कर भारत सरकार के निर्णयों और व्यवस्थाओं की तारीफ करना पसंद नही आ रहा है?? इन्हें isis के कारिंदों का कश्मीर आगमन ज्यादा पसन्द हैं?इतिहास...  https://www. facebook.com/10000620809416 9/posts/2447964345420478/   …",1
राजन का सीतारमण को जवाब: मैंने सबसे अधिक काम तो BJP  सरकार  के अधीन ही किया  https://www. livehindustan.com/national/story -raghuram-rajan-replies-nirmala-sitharaman-i-worked-majorly-under-bjp-government-2824996.html   …,0
पडोसी की बहन की उसी के घर में  गांड  और चुत मारी || दर्द हो रहा है मेरी  गांड  में धीरे धीरे छोड़ो  http:// xv.musz.info/%e0%a4%aa%e0%a 4%a1%e0%a5%8b%e0%a4%b8%e0%a5%80-%e0%a4%95%e0%a5%80-%e0%a4%ac%e0%a4%b9%e0%a4%a8-%e0%a4%95%e0%a5%80-%e0%a4%89%e0%a4%b8%e0%a5%80-%e0%a4%95%e0%a5%87-%e0%a4%98%e0%a4%b0-%e0%a4%ae%e0%a5%87-2/   …,1
"प्रधानमंत्री  मोदी  जी ने सरदार पटेल जी की प्रतिमा पर श्रद्धांजलि किया अर्पित।
   http://www. bbc-news.in  ",0
ब्यूरोक्रेसी और सिस्टम आज दो ऐसे शब्द बन गए हैं जो अपने आप में नेगेटिव perception बन गया है। आखिर ये हुआ क्यों? जबकि अधिकतर अफसर मेहनती भी हैं: पीएम  मोदी   pic.twitter.com/ftS9Cz1LDj,0
"नमन कोठारी बंधु  

30 अक्टूबर 1990 से 2 नवम्बर 1990 तक उत्तर प्रदेश पुलिस के गोली से अयोध्या में अनगिनत निहत्थे कारसेवकों को तत्कालीन मुलायम  सरकार  ने मौत के घाट उतार दिया था, 2 नवम्बर को हुतात्मा हुए कोठरी बंधु सहित सभी कारसेवकों को श्रद्धापूर्वक नमन् 
@craziestlazy  
@Avnijesh pic.twitter.com/9wmUquXLbo",0
"अरे  भोसड़ी  के ठुम जातिवाद पर ही अटके रहने चादरमोदो 
तुम्हाई अम्माओ का घोसला",1
"बगदादी को पकड़ने में मददगार बेल्जियन मेलिनोइस डॉग दिल्ली पुलिस के पास भी हैं,  केजरीवाल  बच कर रहियो
@ArvindKejriwal",0
"लड़की:- सुन  बहनचोद .. 

लड़का:- बोल.. बहन!  

लड़की:- 

",1
"भाजपा  मोदी  सरकार का एक ""टुचिया"" मंत्री @PrakashJavdekar  से काफी उम्मीदें थीं।

बेहतर होगा अब कोई इन्हें ""बार"" ने काम दे दे। pic.twitter.com/hly2Mrqarw",0
"तू बना ले अपना जीजा।
मुझको बना ले।
बीरपाल कू बना ले अपना फूफा।
या एक काम कर चिंटू कू बना ले।
हथियार भी पैना कर रखा है हमने तो।
बना ले  भोसड़ी  के अपना जीजा हमे।",1
"लगता है वह उसने  टट्टी कर ली है इसलिए खड़ी नहीं हो रही... 

क्या कोई पीरियड वाली लड़की कभी मूवी देखने जाती ही नहीं। .. 

इतनी  गांड  फटी थी तो मूवी क्या जख मरने के लिए देखने गयी थी 

और ये पीरियड में कम्पनी कैसे देते है ये बता दे",1
"धर्म नही है >>>>>  रंडी  खाना 
",1
"जे मेनन तु  चुतिया  है, अक्ल का अन्धा है और आधी अधूरी जानकारी रखता है । ये वीडियो देख और देख की 8:20 पर ट्रम्प क्या बोल रहा है ... कुत्ता ही बोल रहा है । दरअसल झूठ तो तुम पाकिस्तानीयो के खून मे है इसिलिए तुम हरामियो को दुनिया झूठी दिखती है ।",1
"असभ्य-शिक्षित बनाम सभ्य-शिक्षित  
योगी और  केजरीवाल - दो चेहरे
एक रंडवा सन्यासी और दूसरा विवाहित गृहस्थ
एक ने राम के स्वागत में 133करोड़ दीये जलाने
पर फूंक दिए
दूसरे ने 140करोड़ का इंतजाम कर दिल्ली की 
करीब 14लाख महिलाओं के लिए 5महीने की
मुफ्त बस यात्रा का इंतजाम किया। 
महान कौन?  pic.twitter.com/2TuYh9uDNF",0
अखण्ड भारत के रास्ते का रोडा् और आतकबाद के जनक धारा  370 के खात्मे  पर देशवासियों और  सरकार  को हार्दिक बधाई!,0
"य चमन  चूतिया  है भाई साहब 
इस को पैदा कर के मा बाप भी पास्ता रहे होंगे",1
आदरणीय मुख्यमंत्री योगी आदित्यनाथ जी यूपी देश का सबसे बडा राज्य हैं। बीजेपी  सरकार  होने के बावजूद बेसिक स्कूलो मे 11हजार से कम खेल व शारीरिक शिक्षक अनुदेशक हैं जो कि प्रशिक्षित (बीपीएड) हैं।,0
"सुनने में आया है कि ममता ने जानबूझ कर बं*गाली हिंदुओ को म* रवाया है... 
कश्मीरी फिजा को बदनाम कर के बंगाल में कठ** मु* ल्ला साम्राज्य को फिर से बनाने की साजिश है... 
 केजरीवाल  से बोलो इसकी भी जांच करवाये..",0
अपने चौकीदार साहेब और कौन! Howdy  मोदी  !,0
मोदी  के भाषण के दौरान हिरासत में लिए गए कई आदिवासी  https:// bbc.in/2BZRquw  ,0
"मुझे कोई फर्क नही पड़ता ईस वीडियोसे, फर्क उन्हें पड़ेगा जिन्होंने इन जैसे धोकेबाज नेता हो वोट करके अपना बड़ा वाला  चुतिया  कटवाया है ।   https:// twitter.com/Dchautala/stat us/1126102425109180418   …",1
चुतीया  है ये चौथी फेल,1
"तेरे न मानने से मेरा एक झांट भी बांका नही हो सकता ।
तू अपने  वाले को ही मना भोसड़ी के ।
तेरी जरूरत भी नही है  चुतिया  साला",1
"भक्त लगते हो 
और में भक्तो को  चूतिया  बोलता हूं",1
"तेरा जैसा जैसा कांडा के ना रे  मादरचोद  हम अपना आंडा मे बांध के रखते है
",1
"84% प्रतिशत 'हिन्दुओ' को 14% मुसलमानों का डर दिखाकर 
99% भारतीयों को लूटने की और  चुतिया  बनाने की कलाबाजी चल रही है देश मे",1
अबे  भोसड़ी  के।कंडोम वाले अपने घर प्रचार कर।अगर तेरे बाप ने लगाया होता न तो तू ये ट्वीटर पर धर्म का खेल नही खेल रहा होता।तेरे बाप ने गलती कर दी।उन्हें बोल पहले के पापा मुझे पैदा क्यो किया कंडोम लगा लेते।अपने पापा को कंडोम के बारे में पता है पहले पूछ लेना।तेरे जैसे चूतिये पैदा न हो,1
"गरीब कौन है??? 

तेरा बाप !!! 

 भोसड़ी  के पलटू राम तू गरीब किसको बोला रे हरामी",1
भड़वी डीटीसी ने डीटीसी मे  अनपढ़ कन्डक्टराे की भर्ती पैसे ले ले के कर ली जिनकाे टिकट मशीनतकचलानेनही हैमशीन हाेनेकेबावजूद सालेसब मैन्युअल टिकट फाड़ते है डेल्ही मेट्राे कार्ड से कन्डक्टराेकाे टिकटकाटने नही आतामशीन खराबका  रंडी  राेनाहमेशा रहता है या ये रेवन्यू चाेरी का काेई तरिका है  https:// twitter.com/Gupta_vijender /status/1186516292620013568   …,1
"लोहमानब सरदार और लोहमानबी इंदिरा दूनो ही कांग्रेस प्रेसिडेटं थैं।
लेकीन चूंकि इंदिरा ने पाक और अमरिका को धूल चटायें थीं, ईसलीए  मोदी  ने इंदिरा को अपमान करने वास्ते सर्दार को कर रहे है स्तिमाल?
*भारत को बस्टार्ड कहनेवाले किसिगांर की कर रहे है खातिर??
#भारत_शर्मसार   https:// twitter.com/sardanarohit/s tatus/1189852526830481408   … pic.twitter.com/D6qhwCnEol",0
अरविंद  केजरीवाल  की जगह अगर बसों का किराया नरेंद्र मोदी ने फ्री किया होता तो न्यूज़ चैनल वाले 6 महीने तक बस में ही बैठे रहता।।,0
कश्मीर को आंतरिक मामले से अपग्रेड करके अंतराष्ट्रीय मामला बनाने के लिए  मोदी  जी धन्यवाद के पात्र हैं?  https:// twitter.com/AshishSinghLIV E/status/1189864677905457152   …,0
खूंखार आतंकी कहने में पश्चिमी हिजड़े मीडिया वालों की  गांड  फटती होगी। डरते हैं साले कही पेल न दें। कायर हैं साले।,1
देश की आर्थिक सामाजिक और सुरक्षा के हालात खतरनाक हो रहे है यह बात से तो एक निष्पक्ष विचारधारा वाला व्यक्ति ही समझ सकता है लेकिन अंध भक्तों को नहीं दिखता उन्हें  मोदी  देखता है चाहे देश कितना ही रसातल में क्यों न चला जाए आगे आने वाले वक्त की कसौटी से गुजरना होगा  https:// twitter.com/sanjayprajapat 2/status/1189858303393718273   …,0
भोसड़ी  के पप्पू मूत्र सेवन करोगे तो यही बिचार आएगा,1
"केजरीवाल  की जगह अगर बसों का किराया महिलाओं के लिए

मोदी ने फ्री किया होता तो गोदी मिडिया 6 महीने तक बस में बैठकर गाना गाते रहते।
@sardanarohit  
@AMISHDEVGAN  
@RubikaLiyaquat  
@SwetaSinghAT  
@manakgupta  
@aajtak  
@ABPNews  
@JAGDEESHGUPTA8  
@atuldubey891",0
हा हा या बचपन से ही झेंपू स्वभाव का राहुल गांधी कैसे बना विश्व प्रसिद्ध  चूतिया ?,1
"पी.एम.  मोदी  जी जो कहते है जो शौचते है ईस मे मानवीय द्रष्टी कोण की और शुद्धत्व की विशाल भावना होती है। ईस की पुरे विश्व ने नोंध  ली है।।
माननीय श्री पी. एम. मोदीजी देश की रक्षा  और गरीबी नाबुदी के लीये परिश्रम कर रह है वह पुरे विश्व के लीये अंगुली निर्देश के समान है।।  https:// twitter.com/jahanvi_vyasbj p/status/1189235270899642368   …",0
"भैया जी किसी  भोसड़ी  बाले के चक्कर मे मत आओ 
आर्म्स लाइसेंस कुछ नही होता 
एक बढ़िया इंतजाम ले लो कही से 
ढीली ढाली शर्ट ले लो बाजार से 
कमर पर अपनी सुरक्षा बांध के चलो
खाओ पीओ चौड़े से  
जो  भोसड़ी  का उलझे 
निपटा दो उसे लौड़े से
समझे भैया
कानून के इंतज़ार में कमलेश भाई धोखा खा गए",1
"केंद्र  सरकार  ने जम्मू-कश्मीर और लद्दाख केंद्र शासित प्रदेश बनाकर देश को एकजुट करने वाले #SardarVallabhbhaiPatel  जी एवं कश्मीर के लिए शहादत देने वाले श्यामा प्रसाद मुखर्जी जी का सपना साकार किया है.एक देश, एक विधान और एक प्रधान का स्वप्न साकार होने पर देशवासियों को ढेरों शुभकामनाएं pic.twitter.com/JMnFGRpGnX",0
पाकिस्तान की  गांड  फट गई इसलिए नहीं दे रहा है उसको पता है कहीं हवाई हमला ना करते हैं ऊपर से,1
कोठे वाली  रंडी  भी एक मजदूर को मजदूरी करना सीखा रही हैं.....,1
मोदी  जी खुद के तो परिवार नहीं है जिसके है उसको तो जीने दो घर के अंदर सोना रखना गुनाह है क्या उस पर भी टैक्स मांग रहे हो देश की अर्थव्यवस्था खराब करने में लगे हुए हो जाने का टाइम आने वाला है तुम्हारा,0
"लड़का होशियार होगा तो 500
.
.
.
 चूतिया  होगा तो....0",1
"अब कांग्रेस नही है  मोदी  है, राहुल तुमसे मिलकर डोकलाम विवाद को हवा देते हैं, मणिशंकर पाकिस्तान में  मोदी  को हटाने की गुहार लगाते हैं लेकिन ये लोग भूल जाते हैं कि जनता  मोदी  के साथ है, कोई कुछ नहीं कर पाएगा",0
साथ मे आप भी रहेंगे गुप्ता जी और कोपागंज से ही हम आप लाइव रहेंगे जहा कहेंगे उसी घर से पूछा जाएगा ।।बताइये तारीख कब मिल रहे है ।।फिर दूध का दूध पानी का पानी हो जाये । गुप्ता जी हम अहिरभक्ति में लगे तो सैकड़ो लाभकारी योजना up में चालू हुई आप जिनके भक्ति में लगे है वो  चुतिया  बसबनाते,1
गांड  का अंधा और बेहरा आदमी    https:// twitter.com/ArvindKejriwal /status/1188451048916021248   …,1
सच्ची पत्रकारिता और  सरकार  का आइना  pic.twitter.com/nUaWZyEvhJ,0
  मोदी  से डायरेक्ट पूछ लो  https:// twitter.com/jafak7/status/ 1189882936264282112   …,0
मोदी  सरकार  ने व्हाट्सएप यूजर्स की इजराइली स्पाईवेयर से जासूसी मामले में मांगा जवाब news in hindi  http://www. palpalindia.com/2019/10/31/del hi-Modi-government-WhatsApp-users-Israeli-spyware-espionage-cases-sought-answers-news-in-hindi-294648.html   …,0
परेसान मत हो जो रोकने आए उसकी  गांड  डंडा कर देना हम आपके साथ हैं सरकार बहुत कुछ कहती है क्या उसकी हर बात मानते हैं नहीं तो यह क्यों,1
"ये कैसा ट्रेंड है यार, मे को भद्दा लगता है..! 
                       
             #पै_GAY_म्बर  
             #पैगम्बर_ मादरचोद _हे  

",1
चरैवेती चरैवेती। देश के चहुमखी विकास की ओर अग्रसर  सरकार  के साथ पूरा देश कंधे से कंधा मिलाकर खड़ा है।,0
"श्रीमान शिवराज जी हम सब को अच्छा लगता है प्रकृति का सौंदर्य देखना लेकिन दूसरी तरफ भोपाल शहर में कई हरे भरे पेड़ काटे जा रहे है।
आप ने उनके लिए अभी तक कुछ नहीं किया और आप की  सरकार  ने हो स्मार्ट सिटी के नाम पर टी टी नगर का हाल किया है वो जा कर देखिए।",0
आमजन की समस्या के निराकरण के लिए जिले में ‘#आपकी_ सरकार _आपके_द्वार ’ कार्यक्रम के तहत शिविर 2 नवम्बर 2019 को नरवर जनपद पंचायत के ग्राम मगरोनी में आयोजित किया जाएगा। शिविर में अधिकारी आमजन की समस्या का निराकरण करेंगे।,0
"महिलाएं Dtc बसों में मुफ्त में यात्रा करेगी-  केजरीवाल  

45 दिन पहले घाटे के कारण 80% Dtc बसों को बन्द कर दिया गया",0
"आपने भी  मोदी  जी एवं मोटा भाई की भांति अपने इस स्केच में चिचा द्वारा उत्पन्न #कश्मीर  समस्या को पूर्णतया सुलझा कर, समूचे राष्ट्र की एकता को उकेर कर रख दीया...",0
ये भोंसडी के भीमटे जब आजादी की लडाई लडनी थी तो अपनी अम्मा चुदा रहे थे  बहनचोद  बील में घुस गये थे डरपोक साले हम ब्राह्मण क्षत्रिय और सिख नहीं लडे होते आज भी तु किसी अंग्रेज की चढ्ढी धो रहा होता,1
मै गर्व से कहता हूं मेरा देश का प्रधानमंत्री नरेन्द्र  मोदी  जी को  बहुत बहुत धन्यवाद और छठ पूजा की ढेर सारे शुभ कामनाएं मै बिहार के नालंदा जिला से कुन्दन चंद्रवंशी (बिहार)  pic.twitter.com/MlNHxlEZtL,0
"भड़वे और  रंडी  यह सब लोगो को बुरे जरूर लग रहे होगे लेकिन यकीन मानिए हर हीरो हीरोइन इसी चीज को deserve करता है इन्ही शब्दो को और जिस दिन से लोग बेधड़क यह कहने लगेंगे उसी दिन से आज की युवा पीढ़ी के दिमाग से हीरो हीरोइन बनने का भूत उतरने लगेगा 
यह कोई गाली नही है मात्र हिंदी अर्थ है",1
"केजरीवाल  राजनीति करता नहीं, सिखाता है।",0
राजनीति का कलंक  केजरीवाल,0
"देख लिया
अब जाट की खाट

अरे  मोदी  को चाहे पूरा विश्व ऐवार्ड दे दे
पर भारतीय भाईलोग अपनी खाट नहीं छोड़ैंगे
दुनियाँ से,विकास से, 370से,गैस,मकान.....से कुछ मतलब नहीं
बस अपनी खाट से मतलब

देश जाय तेललेने

जय श्री महाकाल ",0
"स्लामिक और लोकतंत्र का फर्क पता है 
यहां लोग अपनी मर्ज़ी से जाते हैं 
कानून बनाव हिन्दू मजार पे नहीं जाएंगे 
लोकतंत्र में सरकार का काम होता है 
मुसलमानों मुसलमानों करने से रोटी मिल जाएगी लेकिन मुस्लिम इसमें में क्या कर सकता है भला बताओ  मोदी  जी",0
"3,4 साल से बीजेपी वाली फ़ाइल दबाए बैठे थे, 2018 में दिल्ली का बोस  केजरीवाल  कोर्ट से केस जीते हैं।
सभी को 5 साल मिलते हैं मगर दिल्ली को कुछ ही साल मिले।",0
बुराड़ी में आप पार्टी के विधायक @Sanjeev_aap  ने बतौर अरविंद  केजरीवाल  के सिपाही अपनी जिम्मेदारी का निर्वाहन किया है जिसका परिणाम यह अप्रत्याशित बदलाव है। Good Job संजीव भैया ।,0
भौंकने वाले भौंकते रहेंगे... पर दिल्ली में बहुत अच्छे काम हो रहे हैं... Well done अरविन्द  केजरीवाल  ज़ी,0
सुन  मोदी  तुने सामाजिक न्याय के पुरोधा लालु यादव @laluprasadrjd  को फँसाकर सही नहीं किया pic.twitter.com/CBQyuWLv1w,0
अबे चुटिया चमचे दलाल तेरी अम्मा की च** मारने  भोसड़ी  के,1
"!
@Radheyshyam999  @beg_ilyas 
;
 मोदी  पर बेटो की दावेदारी कर रहे डिबेटो में, मारामारी!
@sardanarohit  कि फिर @AMISHDEVGAN  
;
करोड़ों की मूर्ति तो बना दी दाना पर इतने सालों से गुजरात में भाजपा का शासन है, पर सरदार पटेल का निवास स्थान का मरम्मत क्यों नहीं करवाया   https:// twitter.com/sardanarohit/s tatus/1189852526830481408   … pic.twitter.com/hMb7SWuQiQ",0
"Umar khalid भाई इससे ज्यादा झगडा मत करो वरना तुझे भी बोलेगी ""चूतीया है क्या  रंडी  का बच्चा"" ",1
"तेरी माँ का पर्सनल कोठा खोलू
 भोसडी  के",1
"कैमरामैन लेके सिर्फ  मोदी  जाते हैं,
बाकि इनलोगो की तस्वीरें भोलेबाबा
के तीसरी आंख से ली गई है !  pic.twitter.com/K1jFjaDpvV",0
अरे भाई भाई भाई... #पैगम्बर_के_पिल्ले  #पैगम्बर_की_माँ_का_भोसड़ा  #पैगम्बर_ मादरचोद _हे  #मुस्लिमो_का_संपूर्ण_बहिष्कार  #मुसलमान_भारत_छोड़ो   #पै_GAY_म्बर  #पैगंबर_बलात्कारी_है  #पैगंबर_आतंकी_है #pic.twitter.com/WpQiUMoYHU,1
रविश कुमार  रंडी  tv,1
"भक्तों की सरकार भी बन गयी।370 हट गयी। कटुओं का बाप बगदादी भी मर गया। अब राम मंदिर भी बनने वाला है। ट्रंप रेडिकल इस्लामिक टेररिज़्म की माँ-बहन करने में लगा है। इस सब से कौन बिलबिला रहा है। ये सारा देश जानता है।
बेचारे गद्दारों की  गाँड़  फ़टी है।
फिर भी होठों पर हँसी है।  https:// twitter.com/KhaakSaar9/sta tus/1189502603152912384   …",1
बहनचोद  किसका दलाल हूँ बता,1
नशे में जब तक चूत के साथ  गांड  न चोदो तो सेक्स पूरा नही होता,1
सर इस भाजपा की  सरकार  ने हर घर मे अंधेरा कर दिया खेत मे खलियान मे अंधेरा कर दिया किसान के घर मे अंधेरा कर दिया रोजगार छीनकर सबका नौजवानों के घरों मे अंधेरा कर दिया,0
"अरविंद  केजरीवाल  की जगह अगर बसों का किराया मोदीजी ने फ्री किया होता 
 तो न्यूज़ चैनल वाले 

6 महीने तक बस में ही बैठे रहते   pic.twitter.com/WmJuTMyQqd",0
चुतिया  परिवार।  https:// twitter.com/YogiDevnathji/ status/1189189058943012865   …,1
"हमारे फैसलों और नीतियों को लेकर जो फीडबैक आता है उसका ईमानदार आकलन जरूरी है। ऐसा नहीं होना चाहिए कि जो हमारी आंखों और कानों अच्छा लगे, वही देखना और सुनना है। हमें फीडबैक प्राप्त करने के दायरे का विस्तार करने के साथ ही विरोधियों की बातों को भी सुनना चाहिएः पीएम  मोदी",0
अरे  भोसडी  के फिर तू लोग पाकिस्तान क्यू नही चले जाते।,1
कुत्ते  बहनचोद  !!!,1
भोसड़ी  के तू अपनी बता पहले गद्दार,1
"अरविंद  केजरीवाल  की जगह अगर
बसों का किराया नरेंद्र मोदी ने फ्री किया होता तो
 

न्यूज़ चैनल वाले दल्ले 6 महीने तक
बस के अंदर ही अपना स्टूडियो बना लेते भारतीय मीडिया ",0
# जनता -जनार्दन की सुविधाओं #आजादी  पर #लगाम  कसने को और #भारत  जैसे देश में खासकर #हिन्दुओं  के साथ उनकी #जात  में बाँट कर उनमें एकता का #अभाव  पैदा कर अन्य #समुदाय  को #एकत्रित  सत्ता की सीढी बना करके जब तक देश रहें #पार्टियां  बदलती रहती और अपनी #हुकूमत  से एकाधिकार और #अधिपत्य  कायम रहे https:// twitter.com/Real_Anuj/stat us/1189803553793048576   …,0
"पीएमओ सरकारी तंत्र के लिए आदर्श की तरह काम करे: स्टाफ से प्रधानमंत्री  मोदी 
 https:// timesofindia.indiatimes.com/india/pmo-acts -as-role-model-for-others-pm-modi-tells-staff/articleshow/71825040.cms?utm_source=contentofinterest&utm_medium=text&utm_campaign=cppst   … 

@BJPKashiKshetra  
@BJP4Kaushambi pic.twitter.com/cmHcmYbkEF",0
"मेरी मानो तो .... ‍ ‍ 
रुबिका लियाकत और अंजना ओम  मोदी  का घाघरा को चेक किया जाए  
कहीं आतंकवादी वहीं पर तो शरण नहीं लिए हैं !
बार बार चुनाव के टाइम आ जा रहे हैं! 

@RubikaLiyaquat  
@anjanaomkashyap",0
"अब पछताय का होत
जब चिडिया मार गई  गांड  !!

                   - कबीरदास",1
कुते का पीला है रामपाल कभी भी संत कबीर के बराबर तो क्या पेर की मिटी भी नसीब नही होगी और तुम जैसे अंधे भगत रामपाल को कबीर के समान बात रहे हो तुम ना समाज हो अंधे हो और मूर्ख भी ओर तेरा @SaintRampalJiM   कुत्ता रंडी का बचा ओर  मादरचोद  भी है जा बे कुते।,1
"क्या  केजरीवाल  का फर्ज नही बनता कि सीरिया जाकर बग़दादी के बीवी को भी एक सिलाई मशीन,1Cr नगद बेटे को दिल्ली में सरकारी नौकरी दें?
#KejriwalChewtiyaHai",0
रंडी  टीवी का रंडियापा है।,1
"@ RubikaLiyaquat  जैश की लिस्ट मेँ  मोदी  , राष्ट्रपति , राजनाथ , शाह , कोहली , हें तौ ओवेशी , सलमान , शाहरुख , आमिर , क्यू नही ? आतंक का धर्म क्या",0
प्रमिला जी दलाली छोड़िए  केजरीवाल  जी वहां बैठकर आराम नहीं फरमा रहे थे एलजी से मिलने के लिए रात को अपने घर नहीं गया और उनके रिसेप्शन पर ही सोए,0
LED बल्ब ( मोदी ) आया तब से कोई इसका खरीददारी करता ही नही।,0
"जो गलती कांग्रेस ने की है वही गलती  केजरीवाल  कर रहे है अगर ये सब करना था तो मेट्रो का किराया डबल क्यो किया,  केजरीवाल  को पता है कि इंडिया के लोग सिर्फ आज की देखते है पास्ट और फ्यूचर तो कोई नही देखता इसी का फायदा  केजरीवाल  उठा रहे है",0
"दिल्ली दसवें नंबर पर है,  केजरीवाल  का फार्मूला काम कर गया.",0
आप भी छः सात साल  केजरीवाल  की बस में फ्री सफर कर चुकी हैं कहीं भड़ास तो नहीं निकाल रही हो मोतरमा ••••,0
अक्षय तू सचमुच गधे की  गांड  है।,1
ये फर्जी गांधी नाम वाली नेहरू की धरोहर नेहरू सहित किसी ने पटेल को कभी याद नही किया जब से  मोदी  ने 3000 करोड़ की पटेल की मूर्ति लगवाई पटेल याद आने लगे  पटेल ने जो किया सो किया नोटों पे गांधी हवाई अड्डों पे गांधी गांधी ही गांधी फोटो पोस्ट हो रही पटेल की फोटो के साथ,0
"हिंदी आती है न चुतिये ??
ठीक से पढ़ बार बार पढ़ जब तक समझ मे न आये??
भूमिहार ब्राह्मण परशुराम जी को तेल लगाते थे आज उन्ही को गरिया भी रहे  
साला गजब का हाइब्रिड नस्ल हो बे तुम..
अब मत कहना परशुराम जी भूमिहार थे कहे तो तुम्हारी  गांड  में लौड़ा डाल दूंगा अभी के अभी BC ",1
"कांग्रेसको सर्मथन देते तो सही भाव था,ये नेटीजंनस 50के दशक के समझ रही हो कया?हमारे बाप दादाओको  चुतीया  बनाया तुम लोगोने",1
बहनचोद  अब एक एक कर सारे देश द्रोही ट्विटर छोड़कर और कुछ दिन में देश छोड़कर भागेंगे । जय हो मोदी शाह #AnuragKashyap,1
तेरे बाप दादाओ का इतिहास आज भी सुरक्षित रखा है  रंडी  के शैतान साले गन्दी नस्ल के कीड़े ये मातृ भूमि हिदुओ की है इसलिये ये हिन्दूस्थान है तेरे नाजयज बाप को पाकिस्तान दे दिया बंगला देस दे दिया जाओ शैतान कोम के हिजड़े निकलो मेरी माँ भारती से बाहर इसके दामन पर दाग बन के चिपक गये हो।,1
"अब  मोदी  जी काम करने दे रहे है? @ArvindKejriwal 
#freewal 
@KapilMishra_IND  @ManojTiwariMP",0
देखो सुवर जैसे लग रहे है दोगले मुल्ले  भोसड़ी  का गांधी,1
@ KaDevender  आज हमने भी मोब लिंचिंग कर दी जिसको जो उखाड़ना हो उखाड़ ले .. बहनचोद  कह रहा अपनी बहन को सुसु करवाने लेडीज टॉयलेट में घुस था  pic.twitter.com/FisTcqXCs0,1
"मेरे खून का एक-एक कतरा देश को मजबूत करेगा: इंदिरा गांधी  

मेरा क्या है मैं तो झोला उठा के निकल लूंगा:  मोदी",0
"पहले हमारे देश में आंतकी कभी भी घुस आते थे
मगर जब से बाहुबली की  सरकार  बनी है 
अब ओ केवल चुनाव के वक़्त आते है और
 सरकार  बना कर चले जाते हैं
",0
"सरकार  ने कहा ही था कि हम चौकीदार हैं। अब वो चौकीदारी कर रही थी तो कैसा आश्चर्य। 

#WhatsApp",0
तू  चूतिया  है  चूतिया  था और  चूतिया  ही रहेगा,1
मोदी  जो सोचता है वो अपने आप हो जाता है क्योंकि सारी कायनात उसकी सोच को पूरा करने में लगकर परिणाम दे देती है ,0
सालों सेफयी में  रंडि  डान्स पर करोड़ों खर्च करने वाला आज दीपावली पर ज्ञान पेल रहा है,1
!!!!! RT @mleew17: boy dats cold...tyga dwn bad for cuffin dat hoe in the 1st place!!,0
!!!!!!! RT @UrKindOfBrand Dawg!!!! RT @80sbaby4life: You ever fuck a bitch and she start to cry? You be confused as shit,0
!!!!!!!!! RT @C_G_Anderson: @viva_based she look like a tranny,0
!!!!!!!!!!!!! RT @ShenikaRoberts: The shit you hear about me might be true or it might be faker than the bitch who told it to ya &#57361;,0
"!!!!!!!!!!!!!!!!!!""@T_Madison_x: The shit just blows me..claim you so faithful and down for somebody but still fucking with hoes! &#128514;&#128514;&#128514;""",1
"!!!!!!""@__BrighterDays: I can not just sit up and HATE on another bitch .. I got too much shit going on!""",1
!!!!&#8220;@selfiequeenbri: cause I'm tired of you big bitches coming for us skinny girls!!&#8221;,0
""" &amp; you might not get ya bitch back &amp; thats that """,0
""" @rhythmixx_ :hobbies include: fighting Mariam""

bitch",0
""" Keeks is a bitch she curves everyone "" lol I walked into a conversation like this. Smh",1
""" Murda Gang bitch its Gang Land """,1
""" So hoes that smoke are losers ? "" yea ... go on IG",1
""" bad bitches is the only thing that i like """,1
""" bitch get up off me """,1
""" bitch nigga miss me with it """,1
""" bitch plz whatever """,1
""" bitch who do you love """,1
""" bitches get cut off everyday B """,1
""" black bottle &amp; a bad bitch """,1
""" broke bitch cant tell me nothing """,1
""" cancel that bitch like Nino """,1
""" cant you see these hoes wont change """,1
""" fuck no that bitch dont even suck dick "" &#128514;&#128514;&#128514; the Kermit videos bout to fuck IG up",1
""" got ya bitch tip toeing on my hardwood floors "" &#128514; http://t.co/cOU2WQ5L4q",1
""" her pussy lips like Heaven doors "" &#128524;",1
""" hoe what its hitting for """,1
""" i met that pussy on Ocean Dr . i gave that pussy a pill "" &#128524;",1
""" i need a trippy bitch who fuck on Hennessy """,1
""" i spend my money how i want bitch its my business """,1
""" i txt my old bitch my new bitch pussy wetter """,1
""" i'd say im back to the old me but my old bitches would get excited "" &#128524;",1
""" if you aint bout that Murder Game pussy nigga shut up """,1
""" if you're toes ain't done you pussy stinks """,1
""" im done with bitter bitches its a wrap for that . if you a angry bird theres a app for that """,1
""" is that ya bitch """,1
""" it aint nothing to cut a bitch off """,1
""" jus meet son now he ya mane ass bitches "" #Shots",1
""" lames crying over hoes thats tears of a clown """,1
"""...Son of a bitch took my Tic Tacs.""

I like this movie.",1
"""..All I wanna do is get money and fuck model bitches!"" - Russell Simmons",1
"""@2015seniorprobs: I probably wouldn&#8217;t mind school as much if we didn&#8217;t have to deal with bitch ass teachers"". Retweet",1
"""@A7XDemery: I'm a fucking fag they said""",1
"""@ARIZZLEINDACUT: Females think dating a pussy is cute now? http://t.co/VxBJg26Gsz"" how does doing this stuff make him a pussy?",1
It&#39;s insulting to women to expect them to only be attracted to super easy games. I honestly am insulted as a parent of a girl #GamerGate,0
Feminist just labeled me transphobic for not somehow magically knowing that they are fluidflux agender. http://t.co/1UHp6G3Yxi,0
"If you&#39;re a grown woman who hasn&#39;t gotten past your awkward teenage years of confusion and angst, you&#39;re probably a feminist",0
"It&#39;s free speech when commenters threaten an innocent man, but if you question Sulkowicz&#39;s narrative: Shut up! http://t.co/vYsUkzsGlO",0
Cathy Young&#39;s @CathyYoung63 article on the Columbia U. rape accusation and mattress carrying is superb. Must read. http://t.co/GfBJtoXlwN,0
@DifoolJohn @ElizabethHobso6 Then I have no idea.,0
"#AdviceForYoungFeminists ISIS is killing people, our solution, Teach ISIS not to kill",0
"Game On, NYPD! http://t.co/sdWhQbYRZG",0
"@LFESexuality So, you oppose #NoMorePage3 and the feminists trying to ban it, right?",0
@Angry_Feminazi Would have added Be eaten by your cats but...140.,0
@MT8_9 Maybe she was &#39;raped&#39; by a cubist and it&#39;s a symbol of her burden,0
Did anybody get glass in the face during an American Sniper showing? These #FiftyShades fans play for keeps,0
"@PrivWhiteGirl But, sorry, who cares that the National Organization of Women was commie, you were talking about a trucker, right? Too funny.",0
@PrivWhiteGirl Yes. I find the sense of proportional relevance interesting.,0
@PrivWhiteGirl Google Kate Millett sister NOW and enjoy. Long read.,0
"@The_Loki_Jotunn @BristolBen @Oneiorosgrip That might be Poe, just FYI. I think that was the quote of hers that couldn&#39;t be verified.",0
Feminists say gaming is a boys club then they also say that half of gamers are women.. make up your damn mind? #GamerGate #feminism,0
"Scientist lands a robot on a comet, feminists crucify him for his shirt. Biden licks ear of someone&#39;s wife - Silence http://t.co/egBb5gVrY6",0
Girls are ruthless smh http://t.co/s7g5R2fOU6,0
Bruh http://t.co/7xSPGF2CMm,0
@Securedhappines @WilliamBakerGG @JudgyBitch1 Nope.,0
.@chouhos @unoriginal_babe The blank stare.,0
Guy who stabbed two people at busstop has face that says I&#39;m going to stab you at a bus stop. http://t.co/nAp4hHbfUc,0
"If being pro-due process makes you pro-rape, does being anti-death penalty make you pro-murder? http://t.co/nR7E8hvBe3",0
@MT8_9 @Securedhappines @WilliamBakerGG @JudgyBitch1 if you spread hate you become the victim of your own hate. http://t.co/EhlMqs0dee,0
"You could think of the worst possible idea ever, and it&#39;s still wouldn&#39;t be as bad as this one. http://t.co/hWPbTLjnS4",0
Retweet if you hate Ovechkin. Fav if you hate Ovechkin. Hate Ovechkin.,0
"@shaner38 Toss denied student loans onto that list, as well.",0
@shaner38 NHL pays back Rogers for new TV deal w McDavid. Sabres get Eichel (sp?) Rekindles TOR/BUF divisional rivalry. 2 big TV markets.,0
@shaner38 Just my guess...it&#39;s now in my tweets as proof if it comes true. I knew he&#39;d rig the 2013 draft so the Avs could get Seth Jones.,0
"@shaner38 ...so I got the rigging part right, but not the scouting.",0
@shaner38 That&#39;s why a McDavid/Eichel rivalry w 2 big TV ratings markets that are geographic/division rivals makes TOO much sense to not rig,0
"""@DGotBricks: What happen to them vixen ent bitches"" they got ran and threw to the side like a foothill bitch",0
"""@DaeDaviDavie: @white_thunduh im the bitch okay nudes pat &#128554;&#128527;&#128056;"" wow",1
"""@DevilGrimz: @VigxRArts you're fucking gay, blacklisted hoe"" Holding out for #TehGodClan anyway http://t.co/xUCcwoetmn",1
"""@DiamondLoudKush: The fuck be wrong with these bitches?"" Nobody knows",1
"""@Dietrich1892: Yall shut up:p"" make me bitch",1
"""@DionaIrish: I hate a ""I'm pregnant"" type of bitch.""",1
"""@DoYou_Q: Got bitches in the DM but I don't ever read'em"" which is y your top 3",1
"""@DomWorldPeace: Baseball season for the win. #Yankees"" This is where the love started",0
"""@Dommoneek: Little stupid as bitch I don't fuck with yoooooouuuu..""",1
"""@DreadheadAri: she really asked me that dead ass serious tho, all i could say was ""bitch wheet"" LOL",1
"""@DunderbaIl: I'm an early bird and I'm a night owl, so I'm wise and have worms.""",0
@Noin007 THIS is why I find the antifeminist women just want male attention argument moronic...as if there aren&#39;t better ways to get that.,0
"@UntouchableShe No, sorry, even the rosiest definition of feminism is still unequal.",0
@SkyPirateVegeta Familiar w/ it. Insane. Patriarchy has clearly failed this man...,0
"@UntouchableShe No, feminism lobbies to have equality vetoed, actually... http://t.co/ZsmzUXIbH5",0
@UntouchableShe Actually even the dictionary definition of feminism is unequal. That you don&#39;t see why is telling.,0
"@hannah_ashpole He respects their right to publicly lez out in private, you mean? What a gentleman.",0
"@MT8_9 @JustLaurenB @AutumnReinhardt @comattwow @Daseetmane @victorymonk Remember everyone: 20% believe in feminism, 21% believe in UFOs.",0
.@cooperlewis_ None. I was going to go w/ toxic femininity or something if they answered but #50ShadesIsAbuse has great plate discipline.,0
.@aguyuno @TigerClaud You are whining about an analogy. TwitFem #SJW&#39;s actually defended the predatory sexual abuse of a high school student,0
"@CyanDvai FTR, I don&#39;t just mean Democrat by liberal but a specific breed...",0
"@TigerClaud @Auragasmic She&#39;ll unblock, stalk, snipe, run, reblock, wash, rinse, repeat. She&#39;s a coward.",0
#feminists when other women don&#39;t fall for their shit. #feminism #WomenAgainstFeminism http://t.co/3gmfoaWJRD,0
No @minasmith64 as @d_m_elms says it&#39;s just school policy to deny legal rights to people who look like rapists. Rapial profiling Duh.,0
.@TigerClaud @Auragasmic blocked me so I blocked her...evidently she stopped defending sexual harassment of students long enough to unblock?,0
Have you ever had a female judge outraged at you for not paying child support for someone else&#39;s kid?http://t.co/wdEv96Lr30 #QuestionsForMen,0
"Yeah, uh, @CharlTaylorPage #WomenAgainstFeminism aren&#39;t bigots who hate men and don&#39;t mind sharing equality w them like you hypocrites. FYI.",0
I have harassed no one @Anti_Natal_ as @Twitter can see but you are violating TOS by trying to organize a blocking campaign as @Support sees,0
I just got called sexist...because I get paid the same as guys and I&#39;m not a sheep to the feminist movement..ok @kaytugs @DanielHartley,0
Suit yourself: Utah court lets woman sue herself over fatal wreck http://t.co/jyfHMI63BC @FoxNews She wants money for killing her husband?,0
I don&#39;t blame these SJWs for hating themselves. They&#39;re just choosing the wrong reasons. Grade A white guilt. http://t.co/dlX1FZVEvc,0
Instead of doing something about the feminists who hate men I&#39;m going to scream at you for pointing them out. #TweetLikeAFeminist,0
"You could think of the worst possible idea ever, and it&#39;s still wouldn&#39;t be as bad as this one. http://t.co/hWPbTLjnS4",0
r u an indiot asshole,1
u fucking asshole,1
bastard people . I wanna kill u till death,1
I m gonna lick ur ass u faggot asshole,1
what a stupid creature,1
u r dumb asshole,1
u r dumb shit person,0
shitty people all around,0
have u gonna nuts,0
bitches aint gotta any shit to do so coming here again and again,1
u r a bloody bastard,1
"u r a moron , moronic person ",1
I will kill u moron,1
gonna kill u,1
I m going to rape u till death,1
don’t u try acting smart bitch . Wanna get raped by us bitch,1
sorry u moron bitches u r gonna get killed very fastly bitches,1
fool or flat as pussy with hole!!!!!,1
u look like my dick ,1
I m going to lick ur dick,1
I m going to kill u motherfucker,1
u r a motherfucker,1
u r an idot asshole motherfucker,1
u r dick head,1
you are a lose vagina girl,1
I want to kiss ur vagina,1
‘Shit! I totally forgot about that.’,0
You’re fucking piece of shit!,1
Are you fucking serious right now?,0
You are working your ass off,0
dickhole,1
"[""Just because someone is a different race or religion doesn't mean they are a bad person."", 'When you use those sorts of slurs your argument is immediately invalidated.', 'Please do not use racist slurs on this website.']",0
"['Using a derogatory term against someone you dislike makes fun of the people with actual mental disabilities.', 'Your perspective is tainted by that sort of language.', 'Please do not use language that could be offensive to those with inellectual disabilities.']",0
"[""Name calling the people you disagree with isn't going to solve any problems."", ""It's hard to understand your perspective when you use that word.""]",0
n/a,0
"[""i have to doubt the rest of your position when you just use the 'r' word to mean anything."", ""These people have went though some horrible things. You shouldn't criticize them."", 'Be mindful of harsh language. Not everyone cusses or belittles people with intelligence issues.']",0
"['dont use that ""R"" word as a catch all. i thought we were done with that.', 'You can respectfully express your thoughts without attacking others.', 'Watch the cussing and how you refer to people. Using cuss words all the time and referring to people as slang words is not necessary.']",0
"['if you would think for 3 seconds there are about 20 words that really mean what you want to say here.', ""I don't see a reason why it's okay to attack others with profanity."", ""Using a word that demeans people based on intelligence is not accepted in the real word and can get you in more trouble than it's worth.""]",0
n/a,0
"[""you have such a well thought position and then ruin it for me by using the 'r' word without thinking. you can do better."", ""I don't see a reason why it's okay to insult others based on they value."", 'Using words that are demeaning and cussing unnecessary amounts is offensive to people and does not help advance the topic.']",0
"['Use of the r-word is unacceptable in our discourse as it demeans and insults people with mental disabilities.', ""Don't use medical conditions as an insult."", 'Using a word that describes someone with a mental disability is not conducive to productive conversation.']",0
"['Use of the c-word is unacceptable in our discourse as it demeans and insults women.', ""Don't use gender based insults."", 'Using words that profanely refer to parts of a person of a specific gender are neither productive nor careful.']",0
"['Use of the slurs here is unacceptable in our discourse as it demeans and insults and alienates others.', ""Please don't use medical conditions or sexual choices as an insult."", 'Using a word that describes someone with a mental disability is not conducive to productive conversation.']",0
zindagi jhand h fir bhi ghmand h,0
hmara ghar mein aisi jagahon pr ye nhi milta,0
waah dost kya mitrta nibhai h,0
bhai headphone warning tera baap dega?,1
kya randirona macha rakha h tumsabne,1
tum badir ho gadhe ki aulad ho,1
tum badirchand ho hatt bey sale chutiye,1
tumsablog sahi khrhe ho mein pagal hu tumsab sahi ho,0
khandanchodedengey tumsabk,1
kute kiho toh kya hua sahi toh lagrhe aulad ho tum suar pille sab ho,1
jhanten mein koi dum nhi tumhare,1
kaat dalunga tumhe mein ,1
gandi baat mat kiya kro,0
gadha nhi hu mein tum gadhe ho,0
bimaar hue toh kya hua tum akru ho ekdum nalayk ho,0
badboodar naali ke keere ho,1
badboo arhi h yaar,1
dum lagake maro,0
jyada dum mat alga,0
dum algake chodengey,1
raandsaala nikamma randibaaz ho sale tum,1
randi ho tum,1
randikhana bna rkha h bhenchodon ne,1
randiya sali,1
randibaaz khinke sale madrajaat,1
chutiye sale tum kya smhte ho apne aapko,1
chutiyon ko fauj ho tumsab,1
chutiya khinka,1
chutiyapa mat kro seedhe bolo,1
chutiya sali,1
bc khinka bc sala,1
chutiya h tu ek number ka,1
khandanchod dunga sale tumhara,1
chodke phenk dunga ,1
chod chod ke suja dunga,1
ghussa ghussa ke laal krdunga sale,1
ghussa mat kro beech mein,0
chipkili h kya bey,0
chipkli ki tarh ghumti rhti h,0
unday for dungi sir pe,0
unday maarke muh suja dunga,0
hme roj unday khane chahiye,0
budhbak ho kya,1
budhe hogye h log ab unhe bakchh djiye,1
chaarpai pe letke krunga tumhare saath,1
charpai pe aja lena band krdunga,1
charpai humlog aaj bhi use krte h,0
lena band krdi h kya,1
degi kya?kitni maal h re tu aau kya ,1
jhaton mein koi dum nhi h tumhare ,1
jhaant barabar bhi nhi ho ,1
Triple Talaq par Burbak Kuchh nahi bolega,0
Batao ye uss site pr se akki sir ke verdict nikaal laaye jaha he ajay ki ek bi movie hit nai,0
Bataoyeusssiteprseakkisirkeverdictnikaallaayejahaheajaykiekbimoviehitnai,0
Batao ye uss site pr se akki sir ke verdict nikaal laaye jaha he ajay ki ek bi movie hit nai,0
Naa bhai.. aisa nhi hai.. mere handle karne se bhi kuchh hona nhi hai.. politics se mera door door tak ka naata nhi hai,0
#RememberingRajiv aaj agar musalman auraten triple talaq ki wajah se itni jaleel ho rahi hai to iss ka sabse bada reason Rajib gandhi hai.,0
Batao ye uss site pr se akki sir ke verdict nikaal laaye jaha he ajay ki ek bi movie hit nai,0
Naa bhai.. aisa nhi hai.. mere handle karne se bhi kuchh hona nhi hai.. politics se mera door door tak ka naata nhi hai,0
#RememberingRajiv aaj agar musalman auraten triple talaq ki wajah se itni jaleel ho rahi hai to iss ka sabse bada reason Rajib gandhi hai.,0
are cricket se sanyas le liya kya viru aur social service suru kardiya.khel hi bhul gaye.2 innings 0 n 0,0
Sohail bahi hame bhi treen kardo muje bhi shock he cricket,0
bhai triple talaq se aap kya samjhte hai samjhaye aap zara ..agar triple talaq pta hota apko toh aisa nhi kehte..,0
Bachcho ki death par politics ke bajay unke liye prayer aur unki family ko console kiya jana jyada zaruri he.. thodi humanity bhi zaruri he,0
"#@spn_cricket lijiye S Thakur ne phir pahni no.10 jarsi, inka kharab din chalu ho gaya..@BCCI#Slsvind",0
Itna hungama to #TripleTalaq par muslims me bhi nahi hua.. Jitna #RamRahimVerdict par Dharamguruao me ho raha h.. #CongressWithRamRahim,0
#Bollywood @amitdey10510709   Bhaag Milkha Bhaag!,0
bhau Bollywood ka main adda Mumbai hai...   Jaha rahne k liye heroin ki cha mud jati hai.  Aao kabhi haweli(Maharashtra) pe,0
Bhai kuchh bhi karna iss @SimplySajidK ke saath movie mat karna..Bollywood se nafrat ho jaati hai..Itni sadi hui ghatiya filmein banata h ye,0
"#veerupanti : tag line ""Cricket jo hai Anishchittaon ka khel hai """,0
Chayawadi baat kyu kr rhi hai madam aap..khul kr condem kegeye..mere smjh se administrator ko politics se dur rhna chahiye..desh ke liye,0
Abusing tweet ke liye Account suspend karte ho...   Woh bhi wo desh me... Jahan gali gali me yahi language use hota hai...   #Irony,0
Hindu Married men to Mr. Modi: triple talaq toh nipat gaya ab woh saat janmoon wala masla bhi nipata dijeyega  @narendramodi,0
"#TripleTalaq ""Modiji woh teen talaak ka matter clear ho jaaye,  toh woh saat janam wala matter bhi dekh lijiye please.""",0
"karte hn, talak- nikah- baccho ki factory.",0
abhi chaat k kya matlab. Jisko samjhana tha samajh gaya tum sale intrviw to saare englsh mein dete ,0
"Congress isame kuch nahi bolti esaliye Modi pachad Raha hai har jagah ,avasarvadi politics Congress karate hai Modi gorakshko bhi data hai",0
#TripleTalaq aur Burkha pe bolne ko bolo toh Anand bhais kalti maar lete hai.,0
Canadian ko itna bhaw matt diya kar khans khans hota hai aur baki sab bachhe hai...4 khans hi superstars hai bollywood ke baki sab stars,0
"kaafiron' ko 'masjid' mein 'namaz' perhtay huaay maara gyaa..bohat khoob,mashallah! #irony",0
Bhai Politics apni jagah par kisi bhi Hindu ladki ko Musalman kehna kaha sahi hai yaar. Ijjat sabse badi chij hai.,0
Ho gaya lasho pe politics Khel ke? Politicians se toh tu zyada harami hai be. BC.. Mar kyu nahi jaate kahi jaake. Sharam karo madarchodon,1
@jalanjalans  Bhai AAP apne sab Kharche ka Hisaab Deti hai.. Sab Jagah.. u r saying jo Party ka 80% ka pata nahi wo hisaab deti hI,0
yes sir kahete he na ki cricket me kuch bhi ho sakta he kal ke match me dekh bhi liya.,0
Yeh kya vahiyaat kisam ki ODI cricket hai? #SLvIND,0
Tuje pata Hai kolkta sonagachi main 90% prostitute Teri bahan hai Jo triple talaq or hallala or suvaro ki tarah 10 bachee hone ki wajah se,0
Muslim bahno ke haq ke liye bohot Josh se ladh rahe they show bhi kiya #Triple talaq  Ek aurat ki ismat lutne wala Abhi bhi baba hi hai,0
Pakistani sabiq leg-spinner Abdul Qadir ne kaha hai ke qoumi Cricket team ko World Eleven ke khilaaf series ko aasan na samjha jaye#AnSaR,0
"#AAP   Ek apeel ye bhi kar dete ki kripya Hindu mujhe vote na den.,    Tab hoti Different Politics.",0
@ArvindKejriwal  ji ... kya aapne triple talaq ka swagat kiya ki nhi.....,0
Ek debate program me inhone Kaha tha ki Yogi Jaise Sanki ko Party se Nikal do. Ab Yogi inka role model hai. Politics kya kya na karwaye.,0
Triple Talaq jab jashoda ko milega,0
"vese bhi padhkar karna kya he in netaon ke bachho ko, aana to inhe politics me hi he.",0
Sharjeel Khan K Khilaf Faisla Sakht Palesi Ka Akaas Hai'Cricket Me Bad Unwaani Ki Mashkon Ko Qatai Bardasht Nai Krenge. Najam RP_BebarG Blch,0
News channel hai kya be. Jab dheko chalu ho jaata hai. Railway ke Pahele toh tera tweet aa jaata hai. Cricket khel bhai tu.,0
Ek sham Yateem bachon ke naam #charity #Event #pressconfrence #bollywood #Dkshroff #mustakkhan #sunilpaul #Mumbaipic.twitter.com/gvJ37T5bTA,0
Jab shiv sena wale mumbai main north indian ko pitte hai.wo bhi kya desh bhagti hai in ki ?. Sab vote bank ki politics hai,0
_News: Umar Akmal Aur Kamran Akmal Ko Har Iss Coach Se Takleef Hai Jo Inhain Na Khilai....* #WaqarYounis,0
#RakshaBandhan #Contest In #Bollywood Jodi mein se aisi kaunsi jodi hai jisne kisi movie mein Bhai-Behen ka role nahi kiya hai??? #Vadodarapic.twitter.com/2jM5G3pT6e,0
#anuragbhadoriya  ji aap log ke  upar dhikaar hai politics  liye kuch bhi bech sakte ho yaar.... soch aisa rakho maa or mulk ek hai,0
Ghatiya aurat! Kuch to khuda ka khof kro! Politics k liye quran ka mazaq na urao fazul logon,0
@TimesNow SC ne kaha Agar Triple talaq ka mudda Islam ka hua toh usme woh dakhal nahi denge...Sirf Hindu Ke Tyohaar Me denge,0
Jihadi Mindset Beti ko na padhao Beti ko Burkhe me rakho Beti ko terroristo ko bachane ke liye use karo Aur triple talaq deke safar karne do,0
Yaani Jis Desh mein #TripleTalaq ban hai wo Sab chutiya hai,1
Its all about politics Agar kisi ko triple talaaq ke bare me nahi pata hai to uske bare me puche  Aur media ko dalali band kar dena chahiye,0
"Aaj dhoni ko god, magic man bolnewale kabhi usiko gaali de rahe the.. Roflol!  #Irony",0
Tumhara so called kapil sibbal jb triple talaq ko support karta hai tb tumhara aawaj kyon nahi nikalta. Padhe likhe gawar,0
Kanoon majhabi ho Par mulk dharm nirpeksh  gazab chahat h logo ki   RT=agree  #TripleTalaq @sardanarohit @nitu_ji @bobbydeol0 @Nikkynikky6,0
"Play #Dream11 @imKcCricket #PAK11 by #KcFantasyNews Zaman, Shehzad, Azam, Malik, SAhmed, Imad, Shadab, Nawaz/FAshraf Sohail , HAli, Raees.",0
Bachhe KI maut se JYADA important Hai #TripleTalaq in naspiton KE liye. Muslim dushmani KA ek AUR saboot.,0
# triple talaq se bhe tez badhai nitish ji 4 instant talaq.iddat bhe poori nahi ke turant nikah.#tejasvi to bahana tha bjp mai jaana tha .2,0
Mam aap kabhi BJP KA SUPPORT KARTE DIKHTE H .  BHIR DEKHTA HU SABHI PARTY KO AARE HAAATH LETE H .  KYA YE BHI EK POLITICS TO NAHI H MAM,0
Saare baghwaan apne ghar pe hai. Chaar dham ki yatra mat karo. Uttrakhand mat jao. - Aunty who was in Uttrakhand to meet God. #Irony,0
Agar yahi chlta rha...to #BOLLYWOOD Ka future khatre mein hai,0
,
"Banti hai empowered woman, feminism pe gyan pelti hai aur din bhar roti rehti hai. Pahle rona band kar madarchod!  ,,,,,,",1
,
"RT @kim_jong_korea: @updatingwait @Acutereply Ab usko chhod mjse bat kr tera baap aa gya hai ab to ldki ko beech me q la ra hai Madarchod t\xe2\x80\xa6  ,,,,,,",1
,
"@InviSibleSold @mabkhan86 @dridadahn Punjab in madarchodon ko Khila raha hai, nokrian day raha hai aur yeh imran ma\xe2\x80\xa6 https://t.co/fxaRgyKZXF,,,,,,,,,,,,,,,,,",1
,
",RT @MrMonsterSaid: Agar koi bole ki ja ke chill maar to madarchod ki gand maar lene ka.,,,,,,,,,,,,,,,,,",1
,
",@InviSibleSold @mabkhan86 @dridadahn Main jutt Punjabi hoon aur paka N league. Madarchod Imran ki Punjab say nafrat clear hai.,,,,,,,,,,,,,,,,,",1
,
",@adn_merry To Bhosdike tere Baap ka kya ja raha hai? tu Apna Ghar dekh na Madarchod,,,,,,,,,,,,,,,,,",1
,
"@updatingwait @Acutereply SUNNY LEONE BANA KE CHODEGE\nTERI MAA KO\nSAMJH ME AAYA \nMADARCHOD NEEM KA PATTA KADVA HAI\xe2\x80\xa6 https://t.co/tsrMfs26rp,,,,,,,,,,,,,,,,,",1
,
",@akramtyagi @BSF_India @rajnathsingh @Uppolice @moradabadpolice @myogiadityanath Pata nahi aise sanghi kutte ko bha\xe2\x80\xa6 https://t.co/n2PLeOgW0v,,,,,,,,,,,,,,,,,",1
,
",""RT @AnshKSpeaks: Screw the law of the land. If I find this chutiya Madarchod Mulla I will Lynch him, murder him, cut into millions of pieces and Ha\xe2\x80\xa6"",,,,,,,,,,,,,,,,,",1
"@SHARIQSAM @imjadeja @RoflGandhi_ Bc madarchod South Africa England main @imjadeja Man of the match award le chuke\xe2\x80\xa6 https://t.co/hGTCrbEDPB,,,,,,,,,,,,,,,,,",1
,
",""@INCIndia Madarchod congresi or Bjp dono ki sarkar bani baad me  wade bhul gye"""" Rajasthan me hamri City tak singal\xe2\x80\xa6 https://t.co/4LCITdwiVc"",,,,,,,,,,,,,,,,,",1
,
",Madarchod socialify wale log \xf0\x9f\x98\xa1,,,,,,,,,,,,,,,,,",1
",,,,,,,,,,,,,,,,,,",
",@abdullah_lagh @MehrTarar Madarchod kya hai yeh,,,,,,,,,,,,,,,,,",1
",,,,,,,,,,,,,,,,,,",
",""@Acutereply @updatingwait [12/12, 13:23] : SUNNY LEONE BANA KE CHODEGE\nTERI MAA KO\nSAMJH ME AAYA \nMADARCHOD\n[12/12,\xe2\x80\xa6 https://t.co/YgvC2u0qYK"",,,,,,,,,,,,,,,,,",1
",,,,,,,,,,,,,,,,,,",
",RT @ISMATKH01427041: @ShankhNaad @PetaIndia @ChouhanShivraj Kis madarchod ki he giri hui harkt,,,,,,,,,,,,,,,,,",1
",,,,,,,,,,,,,,,,,,",
",@m_sukhwal @aajtak Teri maa Behan ko har rooj chood rahe hai tum khayal rakho .warnna aise hi chudawati rahati hai madarchod.,,,,,,,,,,,,,,,,,",1
",,,,,,,,,,,,,,,,,,",
",@BhaiyyaSexy @SatyaSibaSabat1 @taran_adarsh Deewar superhit nai aaj ke time ke hisaab se ATBB hai chutye dont compa\xe2\x80\xa6 https://t.co/52ENgEeb67,,,,,,,,,,,,,,,,,",1
",,,,,,,,,,,,,,,,,,",
",""*Virat and Anushka's future kid*\n\nAnushka: Mamma bolo beta, mammaaaa\n\nKid: Mm.. Ma.. Maa.. Madarchod!"",,,,,,,,,,,,,,,,,",1
",,,,,,,,,,,,,,,,,,",
",@dasraghubar @narendramodi @AmitShah @BJP4India @BJPLive @BJP4Jharkhand Madarchod brahmno se mafi mango,,,,,,,,,,,,,,,,,",1
",,,,,,,,,,,,,,,,,,",
",@LmRajpt @imjadeja @RoflGandhi_ Suwar ke bache ..madar chod..Teri maa ki chut me..ghungru bajaunga madarchod...bhar\xe2\x80\xa6 https://t.co/bFTERvXNoQ,,,,,,,,,,,,,,,,,",1
",,,,,,,,,,,,,,,,,,",
",@HornyGlF Fuck off! Chal bhag yahan se madarchod,,,,,,,,,,,,,,,,,",1
",,,,,,,,,,,,,,,,,,",
",@LogicalGabbar @imjadeja Teri maa ko our Ben ko chudva sale benchod .... madarchod....Gabbar,,,,,,,,,,,,,,,,,",1
",,,,,,,,,,,,,,,,,,",
",I have to say this madarchod @Twitter @TwitterIndia i created multiple accounts and you locked all accounts &amp, ask f\xe2\x80\xa6 https://t.co/bt7OV8hDHi,,,,,,,,,,,,,,,,",1
",,,,,,,,,,,,,,,,,,",
",@I_Daredevil @ElahiHiba Ya bakrichod jyada ni uchal rhe h bhosdi vale madarchod\nBawasir c shakal ki h ye\nAnd bhokti\xe2\x80\xa6 https://t.co/zcYFxTLXe5,,,,,,,,,,,,,,,,,",1
",,,,,,,,,,,,,,,,,,",
",@ShankhNaad @SmokingSkills_ @PetaIndia @ChouhanShivraj @PetaIndia kidhar chupe hai re madarchod peta wale gandu log.?,,,,,,,,,,,,,,,,,",1
",,,,,,,,,,,,,,,,,,",
",@KRKActor1 tu waha kya kar raha ha madarchod. bahan k lode kaha comarision kar raha ha . tu kaha 1 No ka madarchod\xe2\x80\xa6 https://t.co/m7nBRT1yUR,,,,,,,,,,,,,,,,,",1
",,,,,,,,,,,,,,,,,,",
",@matchmyvibe_  madarchod maar dalo,,,,,,,,,,,,,,,,,",1
",,,,,,,,,,,,,,,,,,",
"@jeevanblog1 Isme embarassing kya hai bey madarchod? Ahmedabad commissioner has not given permission to hold a rall\xe2\x80\xa6 https://t.co/G8Vw51FXUA,,,,,,,,,,,,,,,,,",1
",,,,,,,,,,,,,,,,,,",
"@NANGI_POOJA Madarchod musalman aaiysha aur wo hai,,,,,,,,,,,,,,,,,",1
",,,,,,,,,,,,,,,,,,",
"@LmRajpt @imjadeja @RoflGandhi_ Madarchod Randi ke bache ..gali kisko de rha hai...gand phar dunga bharve....bhosrike aukat me reh....,,,,,,,,,,,,,,,,,",1
",,,,,,,,,,,,,,,,,,",
"Bollywoodians are madarchod ye to kai saalon se bata raha hoon main tum logon ko. https://t.co/2tFNvDDe25,,,,,,,,,,,,,,,,,",1
",,,,,,,,,,,,,,,,,,",
"@ElCrankoPunko cranko madarchod you unfollowed me tu dekh ab kya karta hun main,,,,,,,,,,,,,,,,,",1
",,,,,,,,,,,,,,,,,,",
",@M_walim @ICC @imVkohli @AnushkaSharma Teri ammi ko chodne wala insaan hai ye icc kya pure world isko badhai dekha bc hat mulle madarchod,,,,,,,,,,,,,,,,,",1
",,,,,,,,,,,,,,,,,,",
",@OfficeOfRG Rafel Deal Rafel Deal Rafel Deal... Tum madarchod Congressio ke raj mai fighter deal kyu nahi hue?? Chu\xe2\x80\xa6 https://t.co/PjvpGURUuz,,,,,,,,,,,,,,,,,",1
",,,,,,,,,,,,,,,,,,",
",""@SaniyaChatterje Saniya, must say you are most madarchod randi on twitter...cum ki pyassi...abtak na jane loundo ne\xe2\x80\xa6 https://t.co/0iFjBqmb3W"",,,,,,,,,,,,,,,,,",1
",,,,,,,,,,,,,,,,,,",
",""@girishalva @garuna73 I never donate to any madarchod hindu priests, they are chors."",,,,,,,,,,,,,,,,,",1
",,,,,,,,,,,,,,,,,,",
",@ManishTewari you madarchod in @incindia screwed Air India and still have audacity to question Government. Kya khate ho aur kya sochte ho \xe2\x80\xa6 https://t.co/2RRcR2QQCd,,,,,,,,,,,,,,,,,",1
",,,,,,,,,,,,,,,,,,",
",Is madarchod Sajid Khan ko Jayvijay se kya problem h . Khud ko to kuch aata ni uski performance ko bekar bolta h..\xe2\x80\xa6 https://t.co/dJxNCXHsyh,,,,,,,,,,,,,,,,,",1
",,,,,,,,,,,,,,,,,,",
",@sanjivbhatt teri maaa ko kuttey se chudwaya tera suwar baaap tab jakar tu madarchod paida huwa...randi ka aulaaad madarchod,,,,,,,,,,,,,,,,,",1
",,,,,,,,,,,,,,,,,,",
",@Manan_13 @Nirmalogy @BhokalTweet Ambani supporter Madarchod mar ja,,,,,,,,,,,,,,,,,",1
",,,,,,,,,,,,,,,,,,",
",@vinodkapri @HoeZaay @sakshijoshii @ravikantmittal @ajitanjum Bhadva madarchod Bhakt ....,,,,,,,,,,,,,,,,,",1
",,,,,,,,,,,,,,,,,,",
"2,@updatingwait @Acutereply Ab usko chhod mjse bat kr tera baap aa gya hai ab to ldki ko beech me q la ra hai Madarch\xe2\x80\xa6 https://t.co/aRTpVwrqw6,,,,,,,,,,,,,,,,,",1
",,,,,,,,,,,,,,,,,,",
"2,""@Shujaatsays Teri Ammi k sath first inning Virat khela tha, tb tu paida hua, aur tera abbu Abhi us result ka gum mana rha h madarchod \xf0\x9f\xa4\xa3"",,,,,,,,,,,,,,,,,",1
",,,,,,,,,,,,,,,,,,",
"2,@pbhushan1 @sanjaymanjrekar Oh the madarchod liberal manjrekar retweeted. Bhadwa congress ka dalal.,,,,,,,,,,,,,,,,,",1
",,,,,,,,,,,,,,,,,,",
"2,@PiranhaBlowjob Madarchod jalta hai mujhse ?,,,,,,,,,,,,,,,,,",1
",,,,,,,,,,,,,,,,,,",
"2,""@shailu_CA modi madarchod hai Na, maa ko khara' kar diya note ki line 96 yr old maa. Modi is harami chutiya PM"",,,,,,,,,,,,,,,,,",1
",,,,,,,,,,,,,,,,,,",
"2,@free_thinker teri ammi free ki raandi thi madarchod tu free ka thinker paida huwa..free mey hi randi devil ko chod\xe2\x80\xa6 https://t.co/5S9CPSLXQK,,,,,,,,,,,,,,,,,",1
",,,,,,,,,,,,,,,,,,",
"2,Kutte jite nahi madarchod dusro ko bhi nahi Jeene deti,,,,,,,,,,,,,,,,,",1
",,,,,,,,,,,,,,,,,,",
"2,@LmRajpt @imjadeja Teri maa ka bhosra ..bharve ki aulad ...madarchod...aukat me rahe ..nahi gand phar dunga ..bharve,,,,,,,,,,,,,,,,,",1
",,,,,,,,,,,,,,,,,,",
"2,@BhaiyyaSexy @SatyaSibaSabat1 @taran_adarsh abe madarchod bhagode multi starrer ese to daava me b Naseer ka equal r\xe2\x80\xa6 https://t.co/IDVhjy72V3,,,,,,,,,,,,,,,,,",1
",,,,,,,,,,,,,,,,,,",
"2,RT @niralsoni: Madarchod kya chahta hai https://t.co/9fLcKJ4fxI,,,,,,,,,,,,,,,,,",1
",,,,,,,,,,,,,,,,,,",
"2,@ShankhNaad @PetaIndia @ChouhanShivraj Kis madarchod ki he giri hui harkt,,,,,,,,,,,,,,,,,",1
",,,,,,,,,,,,,,,,,,",
"2,@BuddhadevMurum1 @ColorsTV Madarchod shilpa randi rona band kar,,,,,,,,,,,,,,,,,",1
",,,,,,,,,,,,,,,,,,",
"2,""@Shujaatsays Madarchod , bhenchod bsdk bhikhari Jihadi Porkistani \xf0\x9f\x98\x81\xf0\x9f\x98\x81\xf0\x9f\x98\x81 aab theek"",,,,,,,,,,,,,,,,,",1
",,,,,,,,,,,,,,,,,,",
"2,@rssurjewala Abe chup chutye ye to congress bhi kar sakti thi  madarchod ahmedabad me aake marunga apna kam kar,,,,,,,,,,,,,,,,,",1
",,,,,,,,,,,,,,,,,,",
"2,@RavishKumar_ @shuklapinku @rajnathsingh @BSF_India Bhag madarchod,,,,,,,,,,,,,,,,,",1
",,,,,,,,,,,,,,,,,,",
"1,Bhak Machod Mullo Ke Abbu  @bewak_sanki543 @milkygaay @Dilli_Ka_Maalik @ArvindKrejriwal @ashu3page @AamAadmiParty\xe2\x80\xa6 https://t.co/K1pRnRhz0V,,,,,,,,,,,,,,,,,",1
",,,,,,,,,,,,,,,,,,",
"1,@_R_aHu_L_ @Mk56Kaur bhadwe ki aulad ho tum sale madarchod ki wajah se ye zait failta hai hindu muslim ka bhen ke t\xe2\x80\xa6 https://t.co/nbdEzBGmu1,,,,,,,,,,,,,,,,,",1
",,,,,,,,,,,,,,,,,,",
"2,Madarchod why did your mom meet @narendramodi in GB Road and get screwed by her. https://t.co/mSfNGZfoI1,,,,,,,,,,,,,,,,,",1
",,,,,,,,,,,,,,,,,,",
"2,@_R_aHu_L_ kyu ki ye tere bap ka nay hai tweeter madarchod bhosdike teri ma hogi zopdi wali bhen ke lode nikal yaha\xe2\x80\xa6 https://t.co/Z4jafVFx1w,,,,,,,,,,,,,,,,,",1
",,,,,,,,,,,,,,,,,,",
"2,@NaamHiKafiHay Terrorist Madarchod humse baat karta hai,,,,,,,,,,,,,,,,,",1
",,,,,,,,,,,,,,,,,,",
"2,@aajtak @TheHurera Madarchod he SAALA,,,,,,,,,,,,,,,,,",1
",,,,,,,,,,,,,,,,,,",
"2,@MallikaDua randi ki beti madarchod baaap se chuda moti bhains,,,,,,,,,,,,,,,,,",1
",,,,,,,,,,,,,,,,,,",
"2,@ikillukillwekil @Kalpeshco1 @sardanarohit Madarchod chutiya tum ho sale,,,,,,,,,,,,,,,,,",1
",,,,,,,,,,,,,,,,,,",
"2,Katra hotel owners madarchod hote hain,,,,,,,,,,,,,,,,,",1
",,,,,,,,,,,,,,,,,,",
"2,@sanjivbhatt teri ammi ko @ShatruganSinha se chudwa madarchod minus minus plus hota hai dimaag thikaney aajaye kahi\xe2\x80\xa6 https://t.co/kE2ZjNv1FL,,,,,,,,,,,,,,,,,",1
",,,,,,,,,,,,,,,,,,",
"2,@futbolpogs Narad muni Hai Madarchod,,,,,,,,,,,,,,,,,",1
",,,,,,,,,,,,,,,,,,",
"2,@RoflGandhi_ @Maddy_Shaab @sambitswaraj MADARCHOD KARAMFOOT GAANDU father of Congress..,,,,,,,,,,,,,,,,,",1
",,,,,,,,,,,,,,,,,,",
"2,""@KRKActor1 abe Behsaram madarchod madarjaat tu abhi tak mara nahi, tu to suiside karne waala tha kutte harami madarchoddddddddddddddd???????"",,,,,,,,,,,,,,,,,",1
",,,,,,,,,,,,,,,,,,",
"2,""RT @ShrrinG: When any Virtue Signalling Chutiya comes to your TL, grab his collar and say They are not playing by any rules .. saala baap ko sikhata hai t's a FUCKI\xe2\x80\xa6"",,,,,,,,,,,,,,,,,",1
",,,,,,,,,,,,,,,,,,",
"2,Sab madarchod Neta hai.sb..,,,,,,,,,,,,,,,,,",1
",,,,,,,,,,,,,,,,,,",
"2,@narendramodi177 @narendramodi arrey madarchod ky bacchey terko inko congrates karney ka time hain but ek tweet kar\xe2\x80\xa6 https://t.co/fza9YOu96m,,,,,,,,,,,,,,,,,",1
",,,,,,,,,,,,,,,,,,",
"2,@Beingdaring1 @mannkakhiladi @_EternalSalman_ Chal is baat me tu Zaira waseem ki Tatti kha le hutiye...WARNA ek baa\xe2\x80\xa6 https://t.co/AyEdxdA7j3,,,,,,,,,,,,,,,,,",1
",,,,,,,,,,,,,,,,,,",
"2,Madarchod https://t.co/9fLcKJ4fxI teri kon sunega,,,,,,,,,,,,,,,,,",1
",,,,,,,,,,,,,,,,,,",
"1,@NaamHiKafiHay Teri maa Randi Madarchod Saale Pakistani,,,,,,,,,,,,,,,,,",1
",,,,,,,,,,,,,,,,,,",
"2,@gautamrockzzzzz @BiggBoss Madarchod.. Tera ghar ka nahi khati hai voh chutiye..,,,,,,,,,,,,,,,,,",1
",,,,,,,,,,,,,,,,,,",
"2,@KyaUkhaadLega I m agree with you.. Behanchod madarchod log h bhosdi wali log.. Gali se hi baat smjjhane kaa \xf0\x9f\x91\x8c\xf0\x9f\x91\x8c\xf0\x9f\x91\x8c\xf0\x9f\x91\x8c\xf0\x9f\x91\x8c\xf0\x9f\x91\x8c\xf0\x9f\x91\x8c\xf0\x9f\x91\x8c\xf0\x9f\x91\x8c,,,,,,,,,,,,,,,,,",1
",,,,,,,,,,,,,,,,,,",
"2,@arunl97 @aipatel_55 @ManavDoshi2002 @INCIndia @FitchRatings madarchod choro hindustan chodo,,,,,,,,,,,,,,,,,",1
",,,,,,,,,,,,,,,,,,",
"2,@dasraghubar madarchod tum vote ke liye apne bet I  tak ki dalali kar sake ho,,,,,,,,,,,,,,,,,",1
",,,,,,,,,,,,,,,,,,",
"0,@mukkigirl @MulloKeAbbu @bewak_sanki543 @milkygaay @Dilli_Ka_Maalik @ArvindKrejriwal @ashu3page @AamAadmiParty @AmMi @laudeya @madarchod Ok,,,,,,,,,,,,,,,,,",1
",,,,,,,,,,,,,,,,,,",
"0,RT @Bhak_Machod: @mukkigirl @MulloKeAbbu @bewak_sanki543 @milkygaay @Dilli_Ka_Maalik @ArvindKrejriwal @ashu3page @AamAadmiParty @AmMi @laud\xe2\x80\xa6,,,,,,,,,,,,,,,,,",1
",,,,,,,,,,,,,,,,,,",
"2,@karanjohar @AnushkaSharma @imVkohli Tu madarchod haii...... Dosti ke namm par Sala dhoka deta hai,,,,,,,,,,,,,,,,,",1
",,,,,,,,,,,,,,,,,,",
"2,Madarchod fawad ko toh try ball khelaya gya tha. Usey hi tum log first inning samjh liye. Grow up morons. Bhabhi se\xe2\x80\xa6 https://t.co/nTLmvxswmM,,,,,,,,,,,,,,,,,",1
",,,,,,,,,,,,,,,,,,",
"2,""@yuva_raj3091 @Ranidreams @ROMI13343316 Ye bahenchod, achhe khase Lund ko bekar karenge... itna bada risk le rahe hain..."",,,,,,,,,,,,,,,,,",1
",,,,,,,,,,,,,,,,,,",
"2,RT @is_enticing: kya zindagi h yaar bahenchod.  \ndimag khrb. \ng m sb k sb.  \ngood night.,,,,,,,,,,,,,,,,,",1
",,,,,,,,,,,,,,,,,,",
"2,RT @lil_unsteady: Ladke wale: kya karti hai aapki beti?\nLadki k papa: Twitter par logo ko bahenchod bolkar gender equality me apna yogdan d\xe2\x80\xa6,,,,,,,,,,,,,,,,,",1
",,,,,,,,,,,,,,,,,,",
"2,kya zindagi h yaar bahenchod.  \ndimag khrb. \ng m sb k sb.  \ngood night.,,,,,,,,,,,,,,,,,",1
",,,,,,,,,,,,,,,,,,",
"2,RT @AditShinde2: @BenafshaSoona Abe Bahenchod kuch To Sharam Kar San Be Dekha Hai \n\n#FixedWinnerShilpa,,,,,,,,,,,,,,,,,",1
",,,,,,,,,,,,,,,,,,",
"0,RT @dilwala_SRK: @ISrkfanOnly @SRKsRider @SRKswarrior1 @being_tiger_ HNY k time pe 15000 kamaya tha maine..is baar payment nahi de rahe hai\xe2\x80\xa6,,,,,,,,,,,,,,,,,",1
",,,,,,,,,,,,,,,,,,",
"2,@BiggBossNewz Ache Se Dekh Le Bahenchod https://t.co/1Smek5Fcl4,,,,,,,,,,,,,,,,,",1
",,,,,,,,,,,,,,,,,,",
"2,MADARCHOD LOG \n\nBAHENCHOD LOG\n\nRAT KO MOTORBIKE ME SE PETROL \nCHURANE WALE LOG,,,,,,,,,,,,,,,,,",1
",,,,,,,,,,,,,,,,,,",
"2,@airtelindia bahenchod..\n Why getting lots of ad in your Wynk music app. Pure mood ki maa behen kr dete h ...,,,,,,,,,,,,,,,,,",1
",,,,,,,,,,,,,,,,,,",
"2,""@Robin_GoodX they don\'t know there is a word called """"BahenChod"""""",,,,,,,,,,,,,,,,,",1
",,,,,,,,,,,,,,,,,,",
"2,@Bas1King \xf0\x9f\x91\x8c\xf0\x9f\x91\x8c\xf0\x9f\x91\x8c\xf0\x9f\x91\x8c\xf0\x9f\x91\x8c Acha reply diya ladkiya khe rahi Bahenchod jab itna normal hai to maal khe diya to kya galat Maal h\xe2\x80\xa6 https://t.co/6xbWS1cIlU,,,,,,,,,,,,,,,,,",1
",,,,,,,,,,,,,,,,,,",
"2,@justinlouisbrad @beersbiebs Bahenchod. Aaukad mein rah.,,,,,,,,,,,,,,,,,",1
",,,,,,,,,,,,,,,,,,",
"2,""RT @Bakchod_Choro: Friend - Bhai Me Apne Bete Ka Kya Naam Rakhu Jo Sabki Zubaan Pe Rahe \n\nMe -  """" Bahenchod """" Rakh De"",,,,,,,,,,,,,,,,,",1
",,,,,,,,,,,,,,,,,,",
"2,""@KenRoth U idiot, what d fuck ur fucking human rights watch z watching in Baluchistan? U motherfuckers shd close ur\xe2\x80\xa6 https://t.co/usrCp7pEat"",,,,,,,,,,,,,,,,,",1
",,,,,,,,,,,,,,,,,,",
"2,Anushka: baby tum mujhe shadi bad kis nam se bulao gey?\n\nVirat: bahenchod\n\n#VirushkaWEDDING,,,,,,,,,,,,,,,,,",1
",,,,,,,,,,,,,,,,,,",
"2,@AvijitEmmi Bahenchod .... experienced lagte ho bhai bhot\xf0\x9f\x98\x82\xf0\x9f\x98\x82\xf0\x9f\x98\x82\xf0\x9f\x98\x82\xf0\x9f\x98\x82,,,,,,,,,,,,,,,,,",1
",,,,,,,,,,,,,,,,,,",
"2,@behenchodabhay @sarita_beta @parvatikhan2 @shikhaask5 Bahenchod sale bra nahi mangege tere bahen ki chuchi masal k\xe2\x80\xa6 https://t.co/iQB05N44Qd,,,,,,,,,,,,,,,,,",1
",,,,,,,,,,,,,,,,,,",
"2,Or koi gaali bhi nahi dega bahenchod\xf0\x9f\x98\x82 https://t.co/Zr3wbRywm3,,,,,,,,,,,,,,,,,",1
",,,,,,,,,,,,,,,,,,",
"2,@Mehreenansari95 @ColorsTV @JJROCKXX @eyehinakhan Yeh Dekho Bahenchod Ko Fake Id Chala Raha Hai,,,,,,,,,,,,,,,,,",1
",,,,,,,,,,,,,,,,,,",
"0,RT @is_enticing: chalo acha h tumhare dost tumhare birthday ka countdown kar rahe h.\nbut iska mtlb yeh thodi h ki uska ss le k tum story da\xe2\x80\xa6,,,,,,,,,,,,,,,,,",1
",,,,,,,,,,,,,,,,,,",
"2,@akramtyagi @BSF_India @rajnathsingh @Uppolice @moradabadpolice @myogiadityanath Pata nahi aise sanghi kutte ko bha\xe2\x80\xa6 https://t.co/n2PLeOgW0v,,,,,,,,,,,,,,,,,",1
",,,,,,,,,,,,,,,,,,",
"2,RT @mdawaisi92: Anushka: baby tum mujhe shadi bad kis nam se bulao gey?\n\nVirat: bahenchod\n\n#VirushkaWEDDING,,,,,,,,,,,,,,,,,",1
",,,,,,,,,,,,,,,,,,",
"2,@vishalIncest Bahenchod sale bra nahi mangege tere bahen ki chuchi masal kar sAli ko ghutno par bithuga n kutiya ba\xe2\x80\xa6 https://t.co/l77siKqVIk,,,,,,,,,,,,,,,,,",1
",,,,,,,,,,,,,,,,,,",
"2,@deep_tejani @BiggBossCritic1 Are Bhai Apne Bahen Ka Nhi Banaya Kya Uska Bhi Bana Ke Dalna Tha Na Bahenchod Naale Me Paida Hua Kya,,,,,,,,,,,,,,,,,",1
",,,,,,,,,,,,,,,,,,",
"2,""Friend - Bhai Me Apne Bete Ka Kya Naam Rakhu Jo Sabki Zubaan Pe Rahe \n\nMe -  """" Bahenchod """" Rakh De"",,,,,,,,,,,,,,,,,",1
",,,,,,,,,,,,,,,,,,",
"2,@BenafshaSoona Abe Bahenchod kuch To Sharam Kar San Be Dekha Hai \n\n#FixedWinnerShilpa,,,,,,,,,,,,,,,,,",1
",,,,,,,,,,,,,,,,,,",
"2,""RT @The_Sonu_Gujjar: Friend - Bhai Me Apne Bete Ka Kya Naam Rakhu Jo Sabki Zubaan Pe Rahe \n\nMe -  """" Bahenchod """" Rakh De"",,,,,,,,,,,,,,,,,",1
",,,,,,,,,,,,,,,,,,",
"2,""Bahenchod this is the saddest thing, girl ready to do anything to help a guy sleep \xf0\x9f\x98\xa1\xf0\x9f\x98\xa1 https://t.co/3rd25Wf7QS"",,,,,,,,,,,,,,,,,",1
",,,,,,,,,,,,,,,,,,",
"2,@OfficeOfRG Bahenchod 65 saal TK apni maa chudwa rahe the tum log,,,,,,,,,,,,,,,,,",1
",,,,,,,,,,,,,,,,,,",
"2,""@OfficeOfRG maadarchod tu dusaro ko chhod, tujhe gandhi family ka aisho-aaram mil raha hai. bahenchod dusaro ki fik\xe2\x80\xa6 https://t.co/JGPOSYKJXl"",,,,,,,,,,,,,,,,,",1
",,,,,,,,,,,,,,,,,,",
"2,@DrGPradhan Bahenchod laal chaddi goons,,,,,,,,,,,,,,,,,",1
",,,,,,,,,,,,,,,,,,",
@srirambjp @narendramodi It is the mindset issue. Congress wants to induct AAP leader Sangeeta Chandpa recently.,0
haraami insan janwar ho bey tum,1
haraam ka kahta hu,1
jeena haraam krdiya h tumne,1
hijra h kya bey,1
hijron ko bhi ab jeene ka hak h,0
jaanvar h tu kutta pilla khinka,1
kutta h tu kutte ki aulad,1
kutiya sali tujh jaison ko toh mein juti pe rakhu,1
suar ki auladheen,1
haram ki aulad ho tum,1
neechi jaat ke insan neech ho tum,1
najayaz baap ke bigre bete,1
gand mein maarke suja dunga,1
paidaishi latkhor h sale tu,1
saala aajtak samjhnhi aya ki h kya inasn tu,1
kutti sali tu bharvi h,1
soover ho gandi nale ke keere suar,1
tatti khata h tu gandh h tu,1
potty jaisis sahkal ke,1
bahencho tu h kya bey ,1
bancho h tu sale,1
bahenke laure chal hatt,1
laude lagjayengey betaji,1
do takke ke besharam insan h tu,1
betichod h tu aur tera khandan,1
bhaichod h sala tu,1
bhains ki aankh kya bolrhi h bey,1
jhant barabar bhi nhi h tu,1
kutte harami pille,1
maadherchod,1
madarchod,1
padma,1
raand,1
jamai,1
randwa,1
randi,1
bachachod,1
bachichod,1
soower,1
bachchechod,1
ullu,1
pathe,1
banda,1
booblay,1
booby,1
buble,1
babla,1
bhonsriwala,1
bhonsdiwala,1
ched,1
chut,1
chod,1
chodu,1
chodra,1
choochi,1
chuchi,1
gaandu,1
gandu,1
gaand,1
lavda,1
lawda,1
lauda,1
lund ,1
balchod,1
lavander,1
muth,1
maacho,1
mammey,1
tatte,1
toto,1
toota,1
backar,1
bhandwe,1
bhosadchod,1
bhosad,1
bumchod,1
bum,1
bur,1
chatani,1
cunt,1
cuntmama,1
chipkali,1
pasine,1
jhaat,1
chodela,1
bhagatchod,1
chhola,1
chudai,1
chudaikhana,1
chunni,1
choot,1
bhoot,1
dhakkan,1
bhajiye,1
fateychu,1
gandnatije,1
lundtopi,1
gaandu,1
gaandfat,1
gaandmasti,1
makhanchudai,1
gaandmarau,1
gandu,1
chaatu kaar krta h tu,1
teri gaand ko chaatu kya,1
beej,1
choosu,1
fakeerchod,1
lundoos,1
shorba,1
binbheja,1
bhadwe,1
parichod,1
nirodh,1
pucchi ,1
baajer,1
choud,1
bhosda,1
sadi,1
choos choos ke patla krdunga,1
aam choosana mujhe pasand h,1
tere to bare bare h choosne mein maja ayegi,1
maka,1
chinaal,1
gadde,1
joon,1
chullugand,1
doob,1
khatmal,1
gandkate,1
bambu,1
lassan,1
danda mat kro ,1
danda maarke sujadengey,1
keera,1
keeda,1
hazaarchu,1
paidaishikeeda,1
behendi,1
chus,1
machudi,1
chodoonga,1
baapchu,1
laltern,1
suhaagchudai,1
raatchuda,1
kaalu,1
neech,1
chikna,1
meetha,1
beechka,1
chooche,1
patichod,1
rundi,1
makkhi,1
biwichod,1
chodhunga,1
haathi,1
,
chodun,1
chatri,1
chode,1
chodho,1
mullekatue,1
mullikatui,1
mullekebaal,1
momedankatue,1
katua,1
chutiyapa,1
bc,1
mc,1
chudwaya,1
kutti,1
jungli,1
vahiyaat,1
jihadi,1
suar,1
ch,1
chorna,1
marwaliye,1
